Run_ID,Condition,Time_Period,ID,Name,Pool_Total_Revenue,Output,Capacity,Capability,Dispatch_Cost,Incr_Cost,Full_Load_Cost,Net_Cost,Fixed_Cost,Variable_OM_Cost,Fixed_Cost_Base,Variable_OM_Cost_Base,Fixed_Cost_Aux1,Variable_OM_Cost_Aux1,Fixed_Cost_Aux2,Variable_OM_Cost_Aux2,Fuel_Usage,Output_MWH,Output_MWH_Primary,Output_MWH_Secondary,Percent_Marginal,Percent_Committed,Primary_Fuel_Usage,Revenue,Energy_Revenue,Capacity_Revenue,Secondary_Fuel_Usage,Total_Fuel_Cost,Value,Forced_Outage,Maint_Outage,Used_For_Op_Reserve,Spin_Reserve,Spin_Reserve_Revenue,Non_Spin_Reserve,Non_Spin_Reserve_Revenue,Input_Spin_Reserve,Input_Spin_Reserve_Revenue,Report_Year,Report_Month,Report_Day,Report_Hour,LT_Iteration,Risk_Iteration,Study_Info,Record_Number,Total_Hours_Run
Base Case,Average,2020,MRO,MidwestReliabilityOrganization,4099754485,306,306,306,83.89,39.95,39.95,41.26,.,.,.,.,0,0,.,0,"24,191,136.00",2687904,2687904,0,100,0,24191136,112741.7109,112741.7109,0,.,107373.04,"5,369.00",0,0,0,0,0,0,0,0,0,2020,,,,0,0,Nominal | 7/20/2020 3:46:40 PM,234,8784
Base Case,Average,2020,AB,Alberta,4099754485,8778.083984,15541.61133,"12,736.00",106.89,34.61,35.44,27.05,"746,263.00","435,928.00","649,195.00","461,486.00",97067.72,-25557.92,.,0,"412,947,264.00",77106688,77106688,0,75.8,4.32,412947264,3684281.25,3684281.25,0,.,1481630.25,"915,950.00",1572.48,589.4973145,641.0111694,641.0111694,0,0,0,0,0,2020,,,,0,0,Nominal | 7/20/2020 3:46:40 PM,235,8784
Base Case,Average,2020,AB_CCCT_NG,AB_CCCT_NG,4099754485,2675.274658,3441.568115,"3,135.00",79.16,34.98,35.67,35.98,"186,884.00","162,306.00","138,522.00","162,306.00",48361.79,0,.,0,"170,459,344.00",23499612,23499612,0,20.22,16.35,170459344,1132337.625,1132337.625,0,.,653333.38,"123,812.00",174.88,131.5330963,11.92869663,11.92869663,0,0,0,0,0,2020,,,,0,0,Nominal | 7/20/2020 3:46:40 PM,236,8784
Base Case,Average,2020,AB_HY_WAT,AB_HY_WAT,4099754485,250.3448181,894,250,5.83,2.78,2.78,2.87,"28,363.00","6,108.00","28,363.00","6,108.00",0,0,.,0,0,2199029,2199029,0,0,0,0,102451.2813,102451.2813,0,.,0,"67,979.00",0,0,592.5001831,592.5001831,0,0,0,0,0,2020,,,,0,0,Nominal | 7/20/2020 3:46:40 PM,237,8784
Base Case,Average,2020,AB_OtherTech_NG,AB_OtherTech_NG,4099754485,89.30071259,97.99453735,89,71.91,34.24,35.82,37.03,"3,992.00","5,949.00","3,992.00","5,949.00",0,0,.,0,"5,816,455.50",784417.5,784417.5,0,0,0,5816455.5,37194.03906,37194.03906,0,.,22042.4,"5,074.00",4.77,3.919672012,0,0,0,0,0,0,0,2020,,,,0,0,Nominal | 7/20/2020 3:46:40 PM,238,8784
Base Case,Average,2020,AB_SCCT_NG,AB_SCCT_NG,4099754485,4362.695801,6288.168945,"5,845.00",68.59,29.93,30.77,22.94,"244,015.00","210,913.00","195,309.00","210,913.00",48705.93,0,.,0,"166,476,224.00",38321920,38321920,0,52.05,0.09,166476224,1828665.75,1828665.75,0,.,636199.31,"733,639.00",244.41,199.0543518,33.55136108,33.55136108,0,0,0,0,0,2020,,,,0,0,Nominal | 7/20/2020 3:46:40 PM,239,8784
Base Case,Average,2020,AB_SCCT_OT,AB_SCCT_OT,4099754485,85.62976837,94,86,10.07,4.8,4.81,4.97,"5,083.00","2,966.00","5,083.00","2,966.00",0,0,.,0,"8,193,872.50",752171.88,752171.88,0,0,0,8193872.5,35598.39063,35598.39063,0,.,654.13,"26,895.00",3.67,4.699999809,0,0,0,0,0,0,0,2020,,,,0,0,Nominal | 7/20/2020 3:46:40 PM,240,8784
Base Case,Average,2020,AB_ST_Coal,AB_ST_Coal,4099754485,536.9223022,2920,"2,548.00",275.8,59.8,61.12,68.05,"204,998.00","47,818.00","204,998.00","47,818.00",0,0,.,0,"50,488,880.00",4716325.5,4716325.5,0,3.53,1.08,50488880,227080.5625,227080.5625,0,.,168481.95,"-288,688.00",140.87,231.3661194,3.03093338,3.03093338,0,0,0,0,0,2020,,,,0,0,Nominal | 7/20/2020 3:46:40 PM,241,8784
Base Case,Average,2020,AB_ST_OT,AB_ST_OT,4099754485,301.9983521,340,302,8.98,4.28,4.29,4.43,"25,792.00","10,462.00","25,792.00","10,462.00",0,0,.,0,"11,512,486.00",2652753.5,2652753.5,0,0,0,11512486,125548.1016,125548.1016,0,.,919.07,"88,375.00",21,17,0,0,0,0,0,0,0,2020,,,,0,0,Nominal | 7/20/2020 3:46:40 PM,242,8784
Base Case,Average,2020,AB_ST_SUN,AB_ST_SUN,4099754485,3.636821508,15,4,0,0,0,0,507,.,507,.,0,0,.,0,0,31945.84,31945.84,0,0,0,0,1545.258545,1545.258545,0,.,0,"1,039.00",9.86,1.5,0,0,0,0,0,0,0,2020,,,,0,0,Nominal | 7/20/2020 3:46:40 PM,243,4628
Base Case,Average,2020,AB_WT_WND,AB_WT_WND,4099754485,472.2808533,1445,472,-5.32,-2.53,-2.53,-2.64,"46,462.00","-10,594.00","46,462.00","14,964.00",0,-25557.92,.,0,0,4148515,4148515,0,0,0,0,193860.1094,193860.1094,0,.,0,"157,992.00",972.81,0,0,0,0,0,0,0,0,2020,,,,0,0,Nominal | 7/20/2020 3:46:40 PM,244,8712
Base Case,Average,2020,AB_Renewables,Alberta Renewables Group,4099754485,1113.890625,2788,"1,114.00",3.11,1.48,1.49,1.11,"106,207.00","8,943.00","106,207.00","34,500.00",0,-25557.92,.,0,"19,706,358.00",9784415,9784415,0,0,0,19706358,459003.1563,459003.1563,0,.,1573.2,"342,280.00",1007.34,23.20000076,592.5001831,592.5001831,0,0,0,0,0,2020,,,,0,0,Nominal | 7/20/2020 3:46:40 PM,245,8784
Base Case,Average,2020,Intertie,AB Interties,4099754485,2336.625977,2526,"2,526.00",83.89,39.95,39.95,41.38,.,.,.,.,0,0,.,0,"184,724,304.00",20524922,20524922,0,100,0,184724304,964975.8125,964975.8125,0,.,822264.94,"142,711.00",0,0,71.49620819,71.49620819,0,0,0,0,0,2020,,,,0,0,Nominal | 7/20/2020 3:46:40 PM,246,8784
Forcing Wind,Average,2020,MRO,MidwestReliabilityOrganization,3843015317,304.0947876,306,306,83.89,39.95,39.95,41.27,.,.,.,.,0,0,.,0,"24,040,518.00",2671168.75,2671168.75,0,99.61,0,24040518,112077.6797,112077.6797,0,.,106740.63,"5,337.00",0,0,0,0,0,0,0,0,0,2020,,,,0,0,Nominal | 7/20/2020 7:19:03 PM,663,8750
Forcing Wind,Average,2020,AB,Alberta,3843015317,9109.118164,17641.61133,"13,511.00",107.57,32.51,33.29,23.51,"813,786.00","388,183.00","716,718.00","455,924.00",97067.72,-67741.16,.,0,"376,188,096.00",80014488,80014488,0,46.84,3.26,376188096,3567699.25,3567699.25,0,.,1335538.75,"930,805.00",2897.43,589.4973145,641.0111694,641.0111694,0,0,0,0,0,2020,,,,0,0,Nominal | 7/20/2020 7:19:03 PM,664,8784
Forcing Wind,Average,2020,AB_CCCT_NG,AB_CCCT_NG,3843015317,2450.188232,3441.568115,"3,135.00",80.84,34.98,35.67,35.21,"186,884.00","147,309.00","138,522.00","147,309.00",48361.79,0,.,0,"153,083,840.00",21522454,21522454,0,18.45,13.8,153083840,967669.5625,967669.5625,0,.,583686.44,"45,783.00",174.88,131.5330963,16.34053802,16.34053802,0,0,0,0,0,2020,,,,0,0,Nominal | 7/20/2020 7:19:03 PM,665,8784
Forcing Wind,Average,2020,AB_HY_WAT,AB_HY_WAT,3843015317,250.3448181,894,250,5.83,2.78,2.78,2.87,"28,363.00","6,108.00","28,363.00","6,108.00",0,0,.,0,0,2199029,2199029,0,0,0,0,96589.49219,96589.49219,0,.,0,"62,118.00",0,0,599.3148193,599.3148193,0,0,0,0,0,2020,,,,0,0,Nominal | 7/20/2020 7:19:03 PM,666,8784
Forcing Wind,Average,2020,AB_OtherTech_NG,AB_OtherTech_NG,3843015317,89.30071259,97.99453735,89,71.91,34.24,35.82,37.03,"3,992.00","5,949.00","3,992.00","5,949.00",0,0,.,0,"5,816,455.50",784417.5,784417.5,0,0,0,5816455.5,34865.23438,34865.23438,0,.,22042.4,"2,745.00",4.77,3.919672012,0,0,0,0,0,0,0,2020,,,,0,0,Nominal | 7/20/2020 7:19:03 PM,667,8784
Forcing Wind,Average,2020,AB_SCCT_NG,AB_SCCT_NG,3843015317,4157.033203,6288.168945,"5,845.00",69.32,29.93,30.77,21.64,"244,015.00","197,203.00","195,309.00","197,203.00",48705.93,0,.,0,"148,536,992.00",36515380,36515380,0,28.14,0.09,148536992,1626683.375,1626683.375,0,.,564582.19,"617,403.00",244.41,199.0543518,24.91362572,24.91362572,0,0,0,0,0,2020,,,,0,0,Nominal | 7/20/2020 7:19:03 PM,668,8784
Forcing Wind,Average,2020,AB_SCCT_OT,AB_SCCT_OT,3843015317,85.62976837,94,86,10.07,4.8,4.81,4.97,"5,083.00","2,966.00","5,083.00","2,966.00",0,0,.,0,"8,193,872.50",752171.88,752171.88,0,0,0,8193872.5,33369.11328,33369.11328,0,.,654.13,"24,666.00",3.67,4.699999809,0,0,0,0,0,0,0,2020,,,,0,0,Nominal | 7/20/2020 7:19:03 PM,669,8784
Forcing Wind,Average,2020,AB_ST_Coal,AB_ST_Coal,3843015317,519.4981079,2920,"2,548.00",307.83,59.8,61.12,68.28,"204,998.00","46,264.00","204,998.00","46,264.00",0,0,.,0,"49,044,428.00",4563271.5,4563271.5,0,0.24,0,49044428,204316.0938,204316.0938,0,.,163654.45,"-302,364.00",140.87,231.3661194,0.442162782,0.442162782,0,0,0,0,0,2020,,,,0,0,Nominal | 7/20/2020 7:19:03 PM,670,8784
Forcing Wind,Average,2020,AB_ST_OT,AB_ST_OT,3843015317,301.9983521,340,302,8.98,4.28,4.29,4.43,"25,792.00","10,462.00","25,792.00","10,462.00",0,0,.,0,"11,512,486.00",2652753.5,2652753.5,0,0,0,11512486,117685.9063,117685.9063,0,.,919.07,"80,513.00",21,17,0,0,0,0,0,0,0,2020,,,,0,0,Nominal | 7/20/2020 7:19:03 PM,671,8784
Forcing Wind,Average,2020,AB_ST_SUN,AB_ST_SUN,3843015317,3.636821508,15,4,0,0,0,0,507,.,507,.,0,0,.,0,0,31945.84,31945.84,0,0,0,0,1436.119263,1436.119263,0,.,0,929,9.86,1.5,0,0,0,0,0,0,0,2020,,,,0,0,Nominal | 7/20/2020 7:19:03 PM,672,4628
Forcing Wind,Average,2020,AB_WT_WND,AB_WT_WND,3843015317,1251.487793,3545,"1,247.00",-5.36,-2.55,-2.55,-2.64,"113,985.00","-28,079.00","113,985.00","39,662.00",0,-67741.16,.,0,0,10993069,10993069,0,0,0,0,485084.2188,485084.2188,0,.,0,"399,178.00",2297.76,0,0,0,0,0,0,0,0,2020,,,,0,0,Nominal | 7/20/2020 7:19:03 PM,673,8784
Forcing Wind,Average,2020,AB_Renewables,Alberta Renewables Group,3843015317,1893.097534,4888,"1,889.00",-0.32,-0.15,-0.15,-0.43,"173,730.00","-8,543.00","173,730.00","59,198.00",0,-67741.16,.,0,"19,706,358.00",16628969,16628969,0,0,0,19706358,734164.875,734164.875,0,.,1573.2,"567,404.00",2332.29,23.20000076,599.3148193,599.3148193,0,0,0,0,0,2020,,,,0,0,Nominal | 7/20/2020 7:19:03 PM,674,8784
Forcing Wind,Average,2020,Intertie,AB Interties,3843015317,2005.592285,2526,"2,526.00",83.89,39.95,39.95,41.43,.,.,.,.,0,0,.,0,"158,554,096.00",17617122,17617122,0,99.61,0,158554096,787996.625,787996.625,0,.,706736,"81,261.00",0,0,71.49768066,70.68370056,0,0.813979983,0,0,0,2020,,,,0,0,Nominal | 7/20/2020 7:19:03 PM,675,8750
Base Case,Average,2021,MRO,MidwestReliabilityOrganization,4139225046,303.3500977,306,306,87.93,41.87,41.87,43.27,.,.,.,.,0,0,.,0,"23,916,122.00",2657347,2657347,0,99.59,0,23916122,116879,116879,0,.,111313.32,"5,566.00",0,0,0,0,0,0,0,0,0,2021,,,,0,0,Nominal | 7/20/2020 3:46:40 PM,390,8724
Base Case,Average,2021,AB,Alberta,4139225046,9192.489258,15448.06152,"12,752.00",128.13,30.44,31.2,22.29,"721,073.00","409,433.00","592,697.00","435,694.00",128376.01,-26260.44,.,0,"343,170,880.00",80526208,80526208,0,50.08,4.71,343170880,3839826,3839826,0,.,1303527.38,"1,379,046.00",1546.35,506.2950745,646.4769287,646.0509644,0,0.425978452,0,0,0,2021,,,,0,0,Nominal | 7/20/2020 3:46:40 PM,391,8760
Base Case,Average,2021,AB_CCCT_NG,AB_CCCT_NG,4139225046,2525.821289,3441.375244,"3,135.00",83.93,36.74,37.48,37.43,"189,532.00","154,547.00","140,485.00","154,547.00",49046.57,0,.,0,"158,451,504.00",22126196,22126196,0,14.6,14.92,158451504,1074178,1074178,0,.,640828.44,"81,180.00",174.85,131.8296814,19.30340195,19.30340195,0,0,0,0,0,2021,,,,0,0,Nominal | 7/20/2020 3:46:40 PM,392,8760
Base Case,Average,2021,AB_HY_WAT,AB_HY_WAT,4139225046,250.5209656,894,251,5.93,2.83,2.83,2.92,"28,767.00","6,200.00","28,767.00","6,200.00",0,0,.,0,0,2194563.5,2194563.5,0,0,0,0,102336.3984,102336.3984,0,.,0,"67,370.00",0,0,601.4562378,601.4562378,0,0,0,0,0,2021,,,,0,0,Nominal | 7/20/2020 3:46:40 PM,393,8760
Base Case,Average,2021,AB_OtherTech_NG,AB_OtherTech_NG,4139225046,89.2878418,97.98904419,89,75.5,35.95,37.62,38.92,"4,049.00","6,033.00","4,049.00","6,033.00",0,0,.,0,"5,799,727.50",782161.5,782161.5,0,0,0,5799727.5,37276.51953,37276.51953,0,.,23173.06,"3,754.00",4.77,3.930410862,0,0,0,0,0,0,0,2021,,,,0,0,Nominal | 7/20/2020 3:46:40 PM,394,8760
Base Case,Average,2021,AB_SCCT_NG,AB_SCCT_NG,4139225046,5383.274902,7358.787598,"6,884.00",60.62,26.28,27.05,18.79,"294,445.00","233,227.00","215,116.00","233,227.00",79329.43,0,.,0,"153,272,160.00",47157488,47157488,0,30.21,0.07,153272160,2229228.25,2229228.25,0,.,617422.94,"1,077,046.00",285.35,189.113327,25.43545723,25.02828407,0,0.407172501,0,0,0,2021,,,,0,0,Nominal | 7/20/2020 3:46:40 PM,395,8760
Base Case,Average,2021,AB_SCCT_OT,AB_SCCT_OT,4139225046,85.62976837,94,86,10.24,4.88,4.9,5.06,"5,155.00","3,009.00","5,155.00","3,009.00",0,0,.,0,"8,171,485.00",750116.81,750116.81,0,0,0,8171485,35637.24609,35637.24609,0,.,663.43,"26,810.00",3.67,4.699999809,0,0,0,0,0,0,0,2021,,,,0,0,Nominal | 7/20/2020 3:46:40 PM,396,8760
Base Case,Average,2021,AB_ST_Coal,AB_ST_Coal,4139225046,73.84373474,1756.030151,"1,518.00",679.7,58.79,60.07,61.51,"125,161.00","6,691.00","125,161.00","6,691.00",0,0,.,0,"5,994,313.50",646871.13,646871.13,0,5.27,4.66,5994313.5,38768.46875,38768.46875,0,.,20503.91,"-124,888.00",80.03,157.7972565,0.277038425,0.263009936,0,0.014028515,0,0,0,2021,,,,0,0,Nominal | 7/20/2020 3:46:40 PM,397,1510
Base Case,Average,2021,AB_ST_OT,AB_ST_OT,4139225046,301.9983521,340,302,9.13,4.35,4.36,4.51,"26,159.00","10,610.00","26,159.00","10,610.00",0,0,.,0,"11,481,031.00",2645505.5,2645505.5,0,0,0,11481031,125685.1406,125685.1406,0,.,932.13,"87,984.00",21,17,0,0,0,0,0,0,0,2021,,,,0,0,Nominal | 7/20/2020 3:46:40 PM,398,8760
Base Case,Average,2021,AB_ST_SUN,AB_ST_SUN,4139225046,3.634100437,15,4,0,0,0,0,514,.,514,.,0,0,.,0,0,31834.72,31834.72,0,0,0,0,1527.11438,1527.11438,0,.,0,"1,013.00",9.87,1.5,0,0,0,0,0,0,0,2021,,,,0,0,Nominal | 7/20/2020 3:46:40 PM,399,4617
Base Case,Average,2021,AB_WT_WND,AB_WT_WND,4139225046,478.4705505,1445,478,-5.41,-2.58,-2.58,-2.68,"47,123.00","-10,885.00","47,123.00","15,375.00",0,-26260.44,.,0,0,4191402,4191402,0,0,0,0,195183.3906,195183.3906,0,.,0,"158,946.00",966.62,0,0,0,0,0,0,0,0,2021,,,,0,0,Nominal | 7/20/2020 3:46:40 PM,400,8687
Base Case,Average,2021,AB_Renewables,Alberta Renewables Group,4139225046,1120.253784,2788,"1,120.00",3.12,1.49,1.49,1.11,"107,717.00","8,933.00","107,717.00","35,194.00",0,-26260.44,.,0,"19,652,516.00",9813423,9813423,0,0,0,19652516,460369.2813,460369.2813,0,.,1595.57,"342,123.00",1001.15,23.20000076,601.4562378,601.4562378,0,0,0,0,0,2021,,,,0,0,Nominal | 7/20/2020 3:46:40 PM,401,8760
Base Case,Average,2021,Intertie,AB Interties,4139225046,2006.309692,2526,"2,526.00",87.93,41.87,41.87,43.5,.,.,.,.,0,0,.,0,"158,177,456.00",17575274,17575274,0,99.59,0,158177456,844020.4375,844020.4375,0,.,740089.19,"103,931.00",0,0,71.49751282,70.43644714,0,1.061073065,0,0,0,2021,,,,0,0,Nominal | 7/20/2020 3:46:40 PM,402,8724
Forcing Wind,Average,2021,MRO,MidwestReliabilityOrganization,3949932534,272.2058411,306,306,87.93,41.87,41.87,43.27,.,.,.,.,0,0,.,0,"21,460,708.00",2384523.25,2384523.25,0,91.12,0,21460708,104873.7344,104873.7344,0,.,99879.73,"4,994.00",0,0,0,0,0,0,0,0,0,2021,,,,0,0,Nominal | 7/20/2020 7:19:03 PM,780,7982
Forcing Wind,Average,2021,AB,Alberta,3949932534,9629.609375,17548.06055,"13,527.00",131.78,28.57,29.28,19.3,"789,556.00","367,201.00","661,180.00","436,243.00",128376.01,-69042.2,.,0,"316,118,176.00",84355376,84355376,0,39.55,3.5,316118176,3828798.75,3828798.75,0,.,1193047.75,"1,462,264.00",2871.39,506.2950745,646.4769287,646.4094849,0,0.06742993,0,0,0,2021,,,,0,0,Nominal | 7/20/2020 7:19:03 PM,781,8760
Forcing Wind,Average,2021,AB_CCCT_NG,AB_CCCT_NG,3949932534,2363.178467,3441.375244,"3,135.00",84.81,36.74,37.48,36.89,"189,532.00","143,549.00","140,485.00","143,549.00",49046.57,0,.,0,"146,346,704.00",20701444,20701444,0,18.36,13.6,146346704,956014.6875,956014.6875,0,.,589861.88,"26,220.00",174.85,131.8296814,29.43664551,29.43664551,0,0,0,0,0,2021,,,,0,0,Nominal | 7/20/2020 7:19:03 PM,782,8760
Forcing Wind,Average,2021,AB_HY_WAT,AB_HY_WAT,3949932534,250.5209656,894,251,5.93,2.83,2.83,2.92,"28,767.00","6,200.00","28,767.00","6,200.00",0,0,.,0,0,2194563.5,2194563.5,0,0,0,0,98087.4375,98087.4375,0,.,0,"63,121.00",0,0,595.7694092,595.7694092,0,0,0,0,0,2021,,,,0,0,Nominal | 7/20/2020 7:19:03 PM,783,8760
Forcing Wind,Average,2021,AB_OtherTech_NG,AB_OtherTech_NG,3949932534,89.28594208,97.98904419,89,75.5,35.95,37.62,38.92,"4,049.00","6,033.00","4,049.00","6,033.00",0,0,.,0,"5,799,610.50",782144.81,782144.81,0,0.02,0,5799610.5,35569.38672,35569.38672,0,.,23172.63,"2,047.00",4.77,3.930410862,0,0,0,0,0,0,0,2021,,,,0,0,Nominal | 7/20/2020 7:19:03 PM,784,8760
Forcing Wind,Average,2021,AB_SCCT_NG,AB_SCCT_NG,3949932534,5257.978027,7358.787598,"6,884.00",61.1,26.28,27.05,18.03,"294,445.00","224,632.00","215,116.00","224,632.00",79329.43,0,.,0,"142,721,984.00",46059884,46059884,0,19.45,0.08,142721984,2076901.875,2076901.875,0,.,572954.06,"978,273.00",285.35,189.113327,21.06425285,20.99682236,0,0.06742993,0,0,0,2021,,,,0,0,Nominal | 7/20/2020 7:19:03 PM,785,8760
Forcing Wind,Average,2021,AB_SCCT_OT,AB_SCCT_OT,3949932534,85.62976837,94,86,10.24,4.88,4.9,5.06,"5,155.00","3,009.00","5,155.00","3,009.00",0,0,.,0,"8,171,485.00",750116.81,750116.81,0,0,0,8171485,34007.50391,34007.50391,0,.,663.43,"25,181.00",3.67,4.699999809,0,0,0,0,0,0,0,2021,,,,0,0,Nominal | 7/20/2020 7:19:03 PM,786,8760
Forcing Wind,Average,2021,AB_ST_Coal,AB_ST_Coal,3949932534,19.72839737,1756.030151,"1,518.00",754.43,58.79,60.07,61.42,"125,161.00","1,787.00","125,161.00","1,787.00",0,0,.,0,"1,597,192.88",172820.75,172820.75,0,1.72,1.44,1597192.88,9990.501953,9990.501953,0,.,5462.7,"-125,431.00",80.03,157.7972565,0.206628263,0.206628263,0,0,0,0,0,2021,,,,0,0,Nominal | 7/20/2020 7:19:03 PM,787,589
Forcing Wind,Average,2021,AB_ST_OT,AB_ST_OT,3949932534,301.9983521,340,302,9.13,4.35,4.36,4.51,"26,159.00","10,610.00","26,159.00","10,610.00",0,0,.,0,"11,481,031.00",2645505.5,2645505.5,0,0,0,11481031,119937.375,119937.375,0,.,932.13,"82,236.00",21,17,0,0,0,0,0,0,0,2021,,,,0,0,Nominal | 7/20/2020 7:19:03 PM,788,8760
Forcing Wind,Average,2021,AB_ST_SUN,AB_ST_SUN,3949932534,3.634100437,15,4,0,0,0,0,514,.,514,.,0,0,.,0,0,31834.72,31834.72,0,0,0,0,1460.698975,1460.698975,0,.,0,947,9.87,1.5,0,0,0,0,0,0,0,2021,,,,0,0,Nominal | 7/20/2020 7:19:03 PM,789,4617
Forcing Wind,Average,2021,AB_WT_WND,AB_WT_WND,3949932534,1257.65332,3545,"1,253.00",-5.46,-2.6,-2.6,-2.68,"115,606.00","-28,619.00","115,606.00","40,424.00",0,-69042.2,.,0,0,11017043,11017043,0,0,0,0,496827.875,496827.875,0,.,0,"409,841.00",2291.66,0,0,0,0,0,0,0,0,2021,,,,0,0,Nominal | 7/20/2020 7:19:03 PM,790,8760
Forcing Wind,Average,2021,AB_Renewables,Alberta Renewables Group,3949932534,1899.436401,4888,"1,895.00",-0.34,-0.16,-0.16,-0.45,"176,200.00","-8,800.00","176,200.00","60,242.00",0,-69042.2,.,0,"19,652,516.00",16639063,16639063,0,0,0,19652516,750320.875,750320.875,0,.,1595.57,"581,325.00",2326.2,23.20000076,595.7694092,595.7694092,0,0,0,0,0,2021,,,,0,0,Nominal | 7/20/2020 7:19:03 PM,791,8760
Forcing Wind,Average,2021,Intertie,AB Interties,3949932534,1569.189819,2526,"2,526.00",87.93,41.87,41.87,43.67,.,.,.,.,0,0,.,0,"123,714,928.00",13746103,13746103,0,91.12,0,123714928,643588.25,643588.25,0,.,581113.94,"62,474.00",0,0,71.49846649,62.01410675,0,9.484360695,0,0,0,2021,,,,0,0,Nominal | 7/20/2020 7:19:03 PM,792,7982
Base Case,Average,2022,MRO,MidwestReliabilityOrganization,3803798786,285.5234985,306,306,86.93,41.4,41.4,42.97,.,.,.,.,0,0,.,0,"22,510,672.00",2501185.75,2501185.75,0,95.41,0,22510672,109254.1172,109254.1172,0,.,104051.53,"5,203.00",0,0,0,0,0,0,0,0,0,2022,,,,0,0,Nominal | 7/20/2020 3:46:40 PM,78,8358
Base Case,Average,2022,AB,Alberta,3803798786,9829.532227,15857.8418,"13,244.00",102.1,26.22,26.87,18.28,"726,146.00","406,440.00","564,786.00","433,344.00",161360.05,-26904.17,.,0,"298,578,528.00",86106704,86106704,0,6.96,2.96,298578528,3742714,3742714,0,.,1099092.75,"1,492,958.00",1548.24,422.3087769,650.7243042,650.7243042,0,0,0,0,0,2022,,,,0,0,Nominal | 7/20/2020 3:46:40 PM,79,8760
Base Case,Average,2022,AB_CCCT_NG,AB_CCCT_NG,3803798786,2249.846924,3441.375244,"3,135.00",85.42,36.56,37.29,36.01,"192,766.00","138,182.00","142,883.00","138,182.00",49883.58,0,.,0,"137,269,584.00",19708658,19708658,0,4.86,12.36,137269584,858600.3125,858600.3125,0,.,540502.38,"-21,245.00",174.85,131.8296814,29.73862267,29.73862267,0,0,0,0,0,2022,,,,0,0,Nominal | 7/20/2020 3:46:40 PM,80,8760
Base Case,Average,2022,AB_HY_WAT,AB_HY_WAT,3803798786,250.5209656,894,251,6.03,2.87,2.87,2.97,"29,258.00","6,305.00","29,258.00","6,305.00",0,0,.,0,0,2194563.5,2194563.5,0,0,0,0,93863.9375,93863.9375,0,.,0,"58,301.00",0,0,609.8864746,609.8864746,0,0,0,0,0,2022,,,,0,0,Nominal | 7/20/2020 3:46:40 PM,81,8760
Base Case,Average,2022,AB_OtherTech_NG,AB_OtherTech_NG,3803798786,89.2878418,97.98904419,89,75.16,35.79,37.44,38.73,"4,118.00","6,136.00","4,118.00","6,136.00",0,0,.,0,"5,799,727.50",782161.5,782161.5,0,0,0,5799727.5,33989.76953,33989.76953,0,.,22799.16,541,4.77,3.930410862,0,0,0,0,0,0,0,2022,,,,0,0,Nominal | 7/20/2020 3:46:40 PM,82,8760
Base Case,Average,2022,AB_SCCT_NG,AB_SCCT_NG,3803798786,6366.615234,8595.598633,"8,074.00",52.41,22.39,23.03,14.75,"352,258.00","253,117.00","240,781.00","253,117.00",111476.47,0,.,0,"135,856,720.00",55771548,55771548,0,2.1,0.06,135856720,2423328.75,2423328.75,0,.,534168.38,"1,274,499.00",332.22,189.113327,11.0992012,11.0992012,0,0,0,0,0,2022,,,,0,0,Nominal | 7/20/2020 3:46:40 PM,83,8760
Base Case,Average,2022,AB_SCCT_OT,AB_SCCT_OT,3803798786,85.62976837,94,86,10.42,4.96,4.98,5.14,"5,243.00","3,060.00","5,243.00","3,060.00",0,0,.,0,"8,171,485.00",750116.81,750116.81,0,0,0,8171485,32535.58594,32535.58594,0,.,674.76,"23,558.00",3.67,4.699999809,0,0,0,0,0,0,0,2022,,,,0,0,Nominal | 7/20/2020 3:46:40 PM,84,8760
Base Case,Average,2022,AB_ST_Coal,AB_ST_Coal,3803798786,0,929,817,754.29,54.14,55.31,,"67,276.00",.,"67,276.00",.,0,0,.,0,0,0,0,0,0,0,0,0,0,0,.,0,"-67,276.00",38.57,73.81095886,0,0,0,0,0,0,0,2022,,,,0,0,Nominal | 7/20/2020 3:46:40 PM,85,0
Base Case,Average,2022,AB_ST_OT,AB_ST_OT,3803798786,301.9983521,340,302,9.29,4.42,4.44,4.58,"26,605.00","10,791.00","26,605.00","10,791.00",0,0,.,0,"11,481,031.00",2645505.5,2645505.5,0,0,0,11481031,114746.2266,114746.2266,0,.,948.04,"76,401.00",21,17,0,0,0,0,0,0,0,2022,,,,0,0,Nominal | 7/20/2020 3:46:40 PM,86,8760
Base Case,Average,2022,AB_ST_SUN,AB_ST_SUN,3803798786,3.65064311,15,4,0,0,0,0,523,.,523,.,0,0,.,0,0,31979.63,31979.63,0,0,0,0,1364.610962,1364.610962,0,.,0,842,9.85,1.5,0,0,0,0,0,0,0,2022,,,,0,0,Nominal | 7/20/2020 3:46:40 PM,87,4616
Base Case,Average,2022,AB_WT_WND,AB_WT_WND,3803798786,481.9826355,1445,482,-5.5,-2.62,-2.62,-2.73,"47,927.00","-11,152.00","47,927.00","15,752.00",0,-26904.17,.,0,0,4222168,4222168,0,0,0,0,184284.6875,184284.6875,0,.,0,"147,510.00",963.1,0,0,0,0,0,0,0,0,2022,,,,0,0,Nominal | 7/20/2020 3:46:40 PM,88,8687
Base Case,Average,2022,AB_Renewables,Alberta Renewables Group,3803798786,1123.782349,2788,"1,124.00",3.16,1.5,1.51,1.11,"109,555.00","9,005.00","109,555.00","35,909.00",0,-26904.17,.,0,"19,652,516.00",9844334,9844334,0,0,0,19652516,426795.0625,426795.0625,0,.,1622.8,"306,612.00",997.63,23.20000076,609.8864746,609.8864746,0,0,0,0,0,2022,,,,0,0,Nominal | 7/20/2020 3:46:40 PM,89,8760
Base Case,Average,2022,Intertie,AB Interties,3803798786,1434.610718,3306,"3,306.00",86.93,41.4,41.4,43.38,.,.,.,.,0,0,.,0,"113,104,704.00",12567190,12567190,0,95.41,0,113104704,554189.25,554189.25,0,.,527799.13,"26,390.00",0,0,71.5,64.70097351,0,6.799029827,0,0,0,2022,,,,0,0,Nominal | 7/20/2020 3:46:40 PM,90,8358
Forcing Wind,Average,2022,MRO,MidwestReliabilityOrganization,3719101324,213.7413025,306,306,86.93,41.4,41.4,43,.,.,.,.,0,0,.,0,"16,851,364.00",1872373.75,1872373.75,0,74.49,0,16851364,81847.71875,81847.71875,0,.,77950.2,"3,898.00",0,0,0,0,0,0,0,0,0,2022,,,,0,0,Nominal | 7/20/2020 7:19:03 PM,546,6525
Forcing Wind,Average,2022,AB,Alberta,3719101324,10466.94531,17957.8418,"14,018.00",98.13,24.65,25.26,16.44,"795,798.00","378,750.00","634,438.00","449,112.00",161360.05,-70362.15,.,0,"289,422,976.00",91690440,91690440,0,25.53,2.8,289422976,3901323.25,3901323.25,0,.,1063136.5,"1,646,172.00",2874.14,422.3087769,650.7243042,650.7243042,0,0,0,0,0,2022,,,,0,0,Nominal | 7/20/2020 7:19:03 PM,547,8760
Forcing Wind,Average,2022,AB_CCCT_NG,AB_CCCT_NG,3719101324,2147.264648,3441.375244,"3,135.00",85.42,36.56,37.29,35.9,"192,766.00","131,133.00","142,883.00","131,133.00",49883.58,0,.,0,"130,695,424.00",18810038,18810038,0,19.84,12.36,130695424,804846.125,804846.125,0,.,514737.28,"-41,751.00",174.85,131.8296814,54.0184021,54.0184021,0,0,0,0,0,2022,,,,0,0,Nominal | 7/20/2020 7:19:03 PM,548,8760
Forcing Wind,Average,2022,AB_HY_WAT,AB_HY_WAT,3719101324,250.5209656,894,251,6.03,2.87,2.87,2.97,"29,258.00","6,305.00","29,258.00","6,305.00",0,0,.,0,0,2194563.5,2194563.5,0,0,0,0,91914.55469,91914.55469,0,.,0,"56,352.00",0,0,585.5186157,585.5186157,0,0,0,0,0,2022,,,,0,0,Nominal | 7/20/2020 7:19:03 PM,549,8760
Forcing Wind,Average,2022,AB_OtherTech_NG,AB_OtherTech_NG,3719101324,89.09303284,97.98904419,89,75.16,35.79,37.44,38.74,"4,118.00","6,123.00","4,118.00","6,123.00",0,0,.,0,"5,787,778.50",780455,780455,0,0.06,0,5787778.5,33179.03516,33179.03516,0,.,22756.25,-213,4.77,3.930410862,0,0,0,0,0,0,0,2022,,,,0,0,Nominal | 7/20/2020 7:19:03 PM,550,8760
Forcing Wind,Average,2022,AB_SCCT_NG,AB_SCCT_NG,3719101324,6328.581543,8595.598633,"8,074.00",52.58,22.39,23.03,14.6,"352,258.00","250,504.00","240,781.00","250,504.00",111476.47,0,.,0,"133,287,272.00",55438376,55438376,0,5.63,0.06,133287272,2356197.5,2356197.5,0,.,524020.22,"1,220,305.00",332.22,189.113327,11.18729401,11.18729401,0,0,0,0,0,2022,,,,0,0,Nominal | 7/20/2020 7:19:03 PM,551,8760
Forcing Wind,Average,2022,AB_SCCT_OT,AB_SCCT_OT,3719101324,85.62976837,94,86,10.42,4.96,4.98,5.14,"5,243.00","3,060.00","5,243.00","3,060.00",0,0,.,0,"8,171,485.00",750116.81,750116.81,0,0,0,8171485,31811.13086,31811.13086,0,.,674.76,"22,834.00",3.67,4.699999809,0,0,0,0,0,0,0,2022,,,,0,0,Nominal | 7/20/2020 7:19:03 PM,552,8760
Forcing Wind,Average,2022,AB_ST_Coal,AB_ST_Coal,3719101324,0,929,817,782.27,54.14,55.31,,"67,276.00",.,"67,276.00",.,0,0,.,0,0,0,0,0,0,0,0,0,0,0,.,0,"-67,276.00",38.57,73.81095886,0,0,0,0,0,0,0,2022,,,,0,0,Nominal | 7/20/2020 7:19:03 PM,553,0
Forcing Wind,Average,2022,AB_ST_OT,AB_ST_OT,3719101324,301.9983521,340,302,9.29,4.42,4.44,4.58,"26,605.00","10,791.00","26,605.00","10,791.00",0,0,.,0,"11,481,031.00",2645505.5,2645505.5,0,0,0,11481031,112191.2266,112191.2266,0,.,948.04,"73,846.00",21,17,0,0,0,0,0,0,0,2022,,,,0,0,Nominal | 7/20/2020 7:19:03 PM,554,8760
Forcing Wind,Average,2022,AB_ST_SUN,AB_ST_SUN,3719101324,3.65064311,15,4,0,0,0,0,523,.,523,.,0,0,.,0,0,31979.63,31979.63,0,0,0,0,1358.390747,1358.390747,0,.,0,836,9.85,1.5,0,0,0,0,0,0,0,2022,,,,0,0,Nominal | 7/20/2020 7:19:03 PM,555,4616
Forcing Wind,Average,2022,AB_WT_WND,AB_WT_WND,3719101324,1260.206177,3545,"1,256.00",-5.55,-2.64,-2.64,-2.73,"117,579.00","-29,166.00","117,579.00","41,196.00",0,-70362.15,.,0,0,11039406,11039406,0,0,0,0,469825.3125,469825.3125,0,.,0,"381,412.00",2289.01,0,0,0,0,0,0,0,0,2022,,,,0,0,Nominal | 7/20/2020 7:19:03 PM,556,8760
Forcing Wind,Average,2022,AB_Renewables,Alberta Renewables Group,3719101324,1902.005859,4888,"1,898.00",-0.35,-0.17,-0.16,-0.46,"179,207.00","-9,009.00","179,207.00","61,353.00",0,-70362.15,.,0,"19,652,516.00",16661572,16661572,0,0,0,19652516,707100.625,707100.625,0,.,1622.8,"535,280.00",2323.53,23.20000076,585.5186157,585.5186157,0,0,0,0,0,2022,,,,0,0,Nominal | 7/20/2020 7:19:03 PM,557,8760
Forcing Wind,Average,2022,Intertie,AB Interties,3719101324,797.197998,3306,"3,306.00",86.93,41.4,41.4,43.18,.,.,.,.,0,0,.,0,"62,851,088.00",6983454,6983454,0,74.49,0,62851088,306511.6563,306511.6563,0,.,291915.81,"14,596.00",0,0,71.5,46.35256958,0,25.14743233,0,0,0,2022,,,,0,0,Nominal | 7/20/2020 7:19:03 PM,558,6525
Base Case,Average,2023,MRO,MidwestReliabilityOrganization,3898279359,298.7824402,306,306,88.37,42.08,42.08,43.55,.,.,.,.,0,0,.,0,"23,556,008.00",2617334.25,2617334.25,0,98.69,0,23556008,115867.0469,115867.0469,0,.,110349.55,"5,517.00",0,0,0,0,0,0,0,0,0,2023,,,,0,0,Nominal | 7/20/2020 3:46:40 PM,312,8645
Base Case,Average,2023,AB,Alberta,3898279359,9843.357422,15857.8418,"13,241.00",103.3,26.73,27.4,18.69,"738,284.00","414,584.00","574,459.00","441,817.00",163825.19,-27232.29,.,0,"299,684,928.00",86227816,86227816,0,5.18,2.96,299684928,3824302,3824302,0,.,1121352.5,"1,525,886.00",1550.56,422.3087769,653.5357056,653.5357056,0,0,0,0,0,2023,,,,0,0,Nominal | 7/20/2020 3:46:40 PM,313,8760
Base Case,Average,2023,AB_CCCT_NG,AB_CCCT_NG,3898279359,2260.012451,3441.375244,"3,135.00",87.15,37.32,38.06,36.76,"196,068.00","141,259.00","145,330.00","141,259.00",50737.91,0,.,0,"137,956,512.00",19797708,19797708,0,2.99,12.36,137956512,879677.625,879677.625,0,.,551993.94,"-21,042.00",174.85,131.8296814,28.75794792,28.75794792,0,0,0,0,0,2023,,,,0,0,Nominal | 7/20/2020 3:46:40 PM,314,8760
Base Case,Average,2023,AB_HY_WAT,AB_HY_WAT,3898279359,250.5209656,894,251,6.14,2.92,2.92,3.02,"29,759.00","6,413.00","29,759.00","6,413.00",0,0,.,0,0,2194563.5,2194563.5,0,0,0,0,95826.20313,95826.20313,0,.,0,"59,654.00",0,0,613.0386963,613.0386963,0,0,0,0,0,2023,,,,0,0,Nominal | 7/20/2020 3:46:40 PM,315,8760
Base Case,Average,2023,AB_OtherTech_NG,AB_OtherTech_NG,3898279359,89.2878418,97.98904419,89,76.71,36.53,38.21,39.53,"4,188.00","6,241.00","4,188.00","6,241.00",0,0,.,0,"5,799,727.50",782161.5,782161.5,0,0,0,5799727.5,34682.37891,34682.37891,0,.,23171.95,559,4.77,3.930410862,0,0,0,0,0,0,0,2023,,,,0,0,Nominal | 7/20/2020 3:46:40 PM,316,8760
Base Case,Average,2023,AB_SCCT_NG,AB_SCCT_NG,3898279359,6372.598633,8595.598633,"8,074.00",53.46,22.84,23.5,15.07,"357,993.00","257,870.00","244,905.00","257,870.00",113087.28,0,.,0,"136,276,176.00",55823964,55823964,0,2.19,0.06,136276176,2474905.25,2474905.25,0,.,544536.06,"1,302,232.00",332.22,189.113327,11.73906898,11.73906898,0,0,0,0,0,2023,,,,0,0,Nominal | 7/20/2020 3:46:40 PM,317,8760
Base Case,Average,2023,AB_SCCT_OT,AB_SCCT_OT,3898279359,85.62976837,94,86,10.6,5.05,5.06,5.23,"5,333.00","3,112.00","5,333.00","3,112.00",0,0,.,0,"8,171,485.00",750116.81,750116.81,0,0,0,8171485,33200.28125,33200.28125,0,.,686.31,"24,069.00",3.67,4.699999809,0,0,0,0,0,0,0,2023,,,,0,0,Nominal | 7/20/2020 3:46:40 PM,318,8760
Base Case,Average,2023,AB_ST_Coal,AB_ST_Coal,3898279359,0,929,817,755.89,54.87,56.05,,"68,428.00",.,"68,428.00",.,0,0,.,0,0,0,0,0,0,0,0,0,0,0,.,0,"-68,428.00",38.57,73.81095886,0,0,0,0,0,0,0,2023,,,,0,0,Nominal | 7/20/2020 3:46:40 PM,319,0
Base Case,Average,2023,AB_ST_OT,AB_ST_OT,3898279359,301.9983521,340,302,9.45,4.5,4.51,4.66,"27,061.00","10,976.00","27,061.00","10,976.00",0,0,.,0,"11,481,031.00",2645505.5,2645505.5,0,0,0,11481031,117090.4766,117090.4766,0,.,964.28,"78,089.00",21,17,0,0,0,0,0,0,0,2023,,,,0,0,Nominal | 7/20/2020 3:46:40 PM,320,8760
Base Case,Average,2023,AB_ST_SUN,AB_ST_SUN,3898279359,3.659744263,15,4,0,0,0,0,532,.,532,.,0,0,.,0,0,32059.36,32059.36,0,0,0,0,1392.571045,1392.571045,0,.,0,861,9.84,1.5,0,0,0,0,0,0,0,2023,,,,0,0,Nominal | 7/20/2020 3:46:40 PM,321,4618
Base Case,Average,2023,AB_WT_WND,AB_WT_WND,3898279359,479.6497803,1445,480,-5.59,-2.66,-2.66,-2.78,"48,748.00","-11,288.00","48,748.00","15,944.00",0,-27232.29,.,0,0,4201732,4201732,0,0,0,0,187527.0313,187527.0313,0,.,0,"150,067.00",965.44,0,0,0,0,0,0,0,0,2023,,,,0,0,Nominal | 7/20/2020 3:46:40 PM,322,8683
Base Case,Average,2023,AB_Renewables,Alberta Renewables Group,3898279359,1121.458618,2788,"1,121.00",3.23,1.54,1.54,1.14,"111,432.00","9,214.00","111,432.00","36,446.00",0,-27232.29,.,0,"19,652,516.00",9823977,9823977,0,0,0,19652516,435036.5625,435036.5625,0,.,1650.59,"312,740.00",999.95,23.20000076,613.0386963,613.0386963,0,0,0,0,0,2023,,,,0,0,Nominal | 7/20/2020 3:46:40 PM,323,8760
Base Case,Average,2023,Intertie,AB Interties,3898279359,1850.524292,3306,"3,306.00",88.37,42.08,42.08,43.96,.,.,.,.,0,0,.,0,"145,895,328.00",16210592,16210592,0,98.69,0,145895328,727305.6875,727305.6875,0,.,689935.63,"37,370.00",0,0,96.62142944,93.30143738,0,3.319989443,0,0,0,2023,,,,0,0,Nominal | 7/20/2020 3:46:40 PM,324,8645
Forcing Wind,Average,2023,MRO,MidwestReliabilityOrganization,3841713898,250.41185,306,306,88.37,42.08,42.08,43.63,.,.,.,.,0,0,.,0,"19,742,470.00",2193607.75,2193607.75,0,85.29,0,19742470,97293.39844,97293.39844,0,.,92660.37,"4,633.00",0,0,0,0,0,0,0,0,0,2023,,,,0,0,Nominal | 7/20/2020 7:19:03 PM,702,7471
Forcing Wind,Average,2023,AB,Alberta,3841713898,10548.50195,17957.8418,"14,015.00",98.65,25.13,25.76,16.96,"809,129.00","391,234.00","645,304.00","462,620.00",163825.19,-71386.23,.,0,"294,839,008.00",92404880,92404880,0,14.78,2.8,294839008,4041976.5,4041976.5,0,.,1102065.38,"1,715,782.00",2877.45,422.3087769,653.5357056,653.5357056,0,0,0,0,0,2023,,,,0,0,Nominal | 7/20/2020 7:19:03 PM,703,8760
Forcing Wind,Average,2023,AB_CCCT_NG,AB_CCCT_NG,3841713898,2212.738281,3441.375244,"3,135.00",87.15,37.32,38.06,36.7,"196,068.00","137,955.00","145,330.00","137,955.00",50737.91,0,.,0,"134,831,472.00",19383586,19383586,0,11.18,12.36,134831472,850226.125,850226.125,0,.,539650.75,"-34,572.00",174.85,131.8296814,38.34893417,38.34893417,0,0,0,0,0,2023,,,,0,0,Nominal | 7/20/2020 7:19:03 PM,704,8760
Forcing Wind,Average,2023,AB_HY_WAT,AB_HY_WAT,3841713898,250.5209656,894,251,6.14,2.92,2.92,3.02,"29,759.00","6,413.00","29,759.00","6,413.00",0,0,.,0,0,2194563.5,2194563.5,0,0,0,0,94519.85938,94519.85938,0,.,0,"58,348.00",0,0,603.4620361,603.4620361,0,0,0,0,0,2023,,,,0,0,Nominal | 7/20/2020 7:19:03 PM,705,8760
Forcing Wind,Average,2023,AB_OtherTech_NG,AB_OtherTech_NG,3841713898,89.2878418,97.98904419,89,76.71,36.53,38.21,39.53,"4,188.00","6,241.00","4,188.00","6,241.00",0,0,.,0,"5,799,727.50",782161.5,782161.5,0,0,0,5799727.5,34181.85547,34181.85547,0,.,23171.95,58,4.77,3.930410862,0,0,0,0,0,0,0,2023,,,,0,0,Nominal | 7/20/2020 7:19:03 PM,706,8760
Forcing Wind,Average,2023,AB_SCCT_NG,AB_SCCT_NG,3841713898,6347.650391,8595.598633,"8,074.00",53.57,22.84,23.5,14.97,"357,993.00","256,127.00","244,905.00","256,127.00",113087.28,0,.,0,"134,555,296.00",55605416,55605416,0,3.61,0.06,134555296,2429889,2429889,0,.,537592.06,"1,266,059.00",332.22,189.113327,11.72471428,11.72471428,0,0,0,0,0,2023,,,,0,0,Nominal | 7/20/2020 7:19:03 PM,707,8760
Forcing Wind,Average,2023,AB_SCCT_OT,AB_SCCT_OT,3841713898,85.62976837,94,86,10.6,5.05,5.06,5.23,"5,333.00","3,112.00","5,333.00","3,112.00",0,0,.,0,"8,171,485.00",750116.81,750116.81,0,0,0,8171485,32718.5332,32718.5332,0,.,686.31,"23,587.00",3.67,4.699999809,0,0,0,0,0,0,0,2023,,,,0,0,Nominal | 7/20/2020 7:19:03 PM,708,8760
Forcing Wind,Average,2023,AB_ST_Coal,AB_ST_Coal,3841713898,0,929,817,774.35,54.87,56.05,,"68,428.00",.,"68,428.00",.,0,0,.,0,0,0,0,0,0,0,0,0,0,0,.,0,"-68,428.00",38.57,73.81095886,0,0,0,0,0,0,0,2023,,,,0,0,Nominal | 7/20/2020 7:19:03 PM,709,0
Forcing Wind,Average,2023,AB_ST_OT,AB_ST_OT,3841713898,301.9983521,340,302,9.45,4.5,4.51,4.66,"27,061.00","10,976.00","27,061.00","10,976.00",0,0,.,0,"11,481,031.00",2645505.5,2645505.5,0,0,0,11481031,115391.4453,115391.4453,0,.,964.28,"76,390.00",21,17,0,0,0,0,0,0,0,2023,,,,0,0,Nominal | 7/20/2020 7:19:03 PM,710,8760
Forcing Wind,Average,2023,AB_ST_SUN,AB_ST_SUN,3841713898,3.659744263,15,4,0,0,0,0,532,.,532,.,0,0,.,0,0,32059.36,32059.36,0,0,0,0,1388.86792,1388.86792,0,.,0,857,9.84,1.5,0,0,0,0,0,0,0,2023,,,,0,0,Nominal | 7/20/2020 7:19:03 PM,711,4618
Forcing Wind,Average,2023,AB_WT_WND,AB_WT_WND,3841713898,1257.016846,3545,"1,253.00",-5.64,-2.69,-2.69,-2.78,"119,592.00","-29,590.00","119,592.00","41,796.00",0,-71386.23,.,0,0,11011468,11011468,0,0,0,0,483660.625,483660.625,0,.,0,"393,658.00",2292.32,0,0,0,0,0,0,0,0,2023,,,,0,0,Nominal | 7/20/2020 7:19:03 PM,712,8760
Forcing Wind,Average,2023,AB_Renewables,Alberta Renewables Group,3841713898,1898.825684,4888,"1,894.00",-0.34,-0.16,-0.16,-0.46,"182,276.00","-9,088.00","182,276.00","62,298.00",0,-71386.23,.,0,"19,652,516.00",16633713,16633713,0,0,0,19652516,727679.3125,727679.3125,0,.,1650.59,"552,841.00",2326.84,23.20000076,603.4620361,603.4620361,0,0,0,0,0,2023,,,,0,0,Nominal | 7/20/2020 7:19:03 PM,713,8760
Forcing Wind,Average,2023,Intertie,AB Interties,3841713898,1145.379883,3306,"3,306.00",88.37,42.08,42.08,43.8,.,.,.,.,0,0,.,0,"90,301,752.00",10033528,10033528,0,85.29,0,90301752,446803.2188,446803.2188,0,.,425503.53,"21,300.00",0,0,96.62162018,75.25676727,0,21.36484909,0,0,0,2023,,,,0,0,Nominal | 7/20/2020 7:19:03 PM,714,7471
Base Case,Average,2024,MRO,MidwestReliabilityOrganization,4087235546,292.3469238,306,306,91.62,43.63,43.63,45.22,.,.,.,.,0,0,.,0,"23,111,778.00",2567975.25,2567975.25,0,96.77,0,23111778,118060.4141,118060.4141,0,.,112438.48,"5,622.00",0,0,0,0,0,0,0,0,0,2024,,,,0,0,Nominal | 7/20/2020 3:46:40 PM,156,8500
Base Case,Average,2024,AB,Alberta,4087235546,10207.88379,16278.91992,"13,620.00",102.81,27.65,28.32,19.71,"820,619.00","432,768.00","604,284.00","459,961.00",216334.59,-27193.28,.,0,"320,731,200.00",89666056,89666056,0,4.68,5.73,320731200,4111362,4111362,0,.,1246647.38,"1,579,756.00",1576.88,438.053894,661.0278931,661.0278931,0,0,0,0,0,2024,,,,0,0,Nominal | 7/20/2020 3:46:40 PM,157,8784
Base Case,Average,2024,AB_CCCT_NG,AB_CCCT_NG,4087235546,2639.568115,3861.9646,"3,523.00",86.7,37.5,38.19,36.71,"268,462.00","154,093.00","166,568.00","154,093.00",101894.28,0,.,0,"158,927,792.00",23185966,23185966,0,3.09,22,158927792,1065061.5,1065061.5,0,.,654310.63,"-27,584.00",191.03,148.178299,33.18092346,33.18092346,0,0,0,0,0,2024,,,,0,0,Nominal | 7/20/2020 3:46:40 PM,158,8784
Base Case,Average,2024,AB_HY_WAT,AB_HY_WAT,4087235546,250.3448181,894,250,6.24,2.97,2.97,3.07,"30,353.00","6,537.00","30,353.00","6,537.00",0,0,.,0,0,2199029,2199029,0,0,0,0,99247.59375,99247.59375,0,.,0,"62,357.00",0,0,615.796875,615.796875,0,0,0,0,0,2024,,,,0,0,Nominal | 7/20/2020 3:46:40 PM,159,8784
Base Case,Average,2024,AB_OtherTech_NG,AB_OtherTech_NG,4087235546,89.30071259,97.99453735,89,79.66,37.93,39.69,41.06,"4,272.00","6,367.00","4,272.00","6,367.00",0,0,.,0,"5,816,455.50",784417.5,784417.5,0,0,0,5816455.5,35956.40234,35956.40234,0,.,24173.57,498,4.77,3.919672012,0,0,0,0,0,0,0,2024,,,,0,0,Nominal | 7/20/2020 3:46:40 PM,160,8784
Base Case,Average,2024,AB_SCCT_NG,AB_SCCT_NG,4087235546,6367.838379,8596.081055,"8,075.00",55.35,23.67,24.35,15.59,"364,251.00","262,673.00","249,811.00","262,673.00",114440.31,0,.,0,"136,280,608.00",55935096,55935096,0,1.59,0.06,136280608,2563554.5,2563554.5,0,.,566479.56,"1,355,003.00",332.25,188.72258,12.05013275,12.05013275,0,0,0,0,0,2024,,,,0,0,Nominal | 7/20/2020 3:46:40 PM,161,8784
Base Case,Average,2024,AB_SCCT_OT,AB_SCCT_OT,4087235546,85.62976837,94,86,10.78,5.13,5.15,5.32,"5,439.00","3,174.00","5,439.00","3,174.00",0,0,.,0,"8,193,872.50",752171.88,752171.88,0,0,0,8193872.5,34415.01563,34415.01563,0,.,700.03,"25,101.00",3.67,4.699999809,0,0,0,0,0,0,0,2024,,,,0,0,Nominal | 7/20/2020 3:46:40 PM,162,8784
Base Case,Average,2024,AB_ST_Coal,AB_ST_Coal,4087235546,0,929,817,737.84,55.61,56.81,,"69,796.00",.,"69,796.00",.,0,0,.,0,0,0,0,0,0,0,0,0,0,0,.,0,"-69,796.00",38.58,73.60929108,0,0,0,0,0,0,0,2024,,,,0,0,Nominal | 7/20/2020 3:46:40 PM,163,0
Base Case,Average,2024,AB_ST_OT,AB_ST_OT,4087235546,301.9983521,340,302,9.61,4.58,4.59,4.74,"27,602.00","11,196.00","27,602.00","11,196.00",0,0,.,0,"11,512,486.00",2652753.5,2652753.5,0,0,0,11512486,121374.5938,121374.5938,0,.,983.54,"81,594.00",21,17,0,0,0,0,0,0,0,2024,,,,0,0,Nominal | 7/20/2020 3:46:40 PM,164,8784
Base Case,Average,2024,AB_ST_SUN,AB_ST_SUN,4087235546,3.646815062,15,4,0,0,0,0,542,.,542,.,0,0,.,0,0,32033.62,32033.62,0,0,0,0,1440.542969,1440.542969,0,.,0,898,9.85,1.5,0,0,0,0,0,0,0,2024,,,,0,0,Nominal | 7/20/2020 3:46:40 PM,165,4629
Base Case,Average,2024,AB_WT_WND,AB_WT_WND,4087235546,469.5567932,1445,469,-5.69,-2.71,-2.71,-2.82,"49,722.00","-11,272.00","49,722.00","15,921.00",0,-27193.28,.,0,0,4124587,4124587,0,0,0,0,190311.8438,190311.8438,0,.,0,"151,862.00",975.53,0,0,0,0,0,0,0,0,2024,,,,0,0,Nominal | 7/20/2020 3:46:40 PM,166,8704
Base Case,Average,2024,AB_Renewables,Alberta Renewables Group,4087235546,1111.176514,2788,"1,111.00",3.37,1.6,1.61,1.2,"113,658.00","9,635.00","113,658.00","36,829.00",0,-27193.28,.,0,"19,706,358.00",9760575,9760575,0,0,0,19706358,446789.5938,446789.5938,0,.,1683.57,"321,812.00",1010.06,23.20000076,615.796875,615.796875,0,0,0,0,0,2024,,,,0,0,Nominal | 7/20/2020 3:46:40 PM,167,8784
Base Case,Average,2024,Intertie,AB Interties,4087235546,1601.262573,3306,"3,306.00",91.62,43.63,43.63,45.64,.,.,.,.,0,0,.,0,"126,589,416.00",14065491,14065491,0,96.77,0,126589416,653828.1875,653828.1875,0,.,621597.13,"32,231.00",0,0,96.62155151,90.65969849,0,5.961853027,0,0,0,2024,,,,0,0,Nominal | 7/20/2020 3:46:40 PM,168,8500
Forcing Wind,Average,2024,MRO,MidwestReliabilityOrganization,4016518682,228.6803894,306,306,91.62,43.63,43.63,45.28,.,.,.,.,0,0,.,0,"18,078,556.00",2008728.5,2008728.5,0,79.02,0,18078556,92472.92188,92472.92188,0,.,88069.44,"4,403.00",0,0,0,0,0,0,0,0,0,2024,,,,0,0,Nominal | 7/20/2020 7:19:03 PM,507,6941
Forcing Wind,Average,2024,AB,Alberta,4016518682,10878.3584,18378.91992,"14,392.00",98.58,26.04,26.68,17.89,"892,879.00","406,599.00","676,544.00","478,757.00",216334.59,-72157.45,.,0,"313,829,920.00",95555504,95555504,0,20.98,5.43,313829920,4309822.5,4309822.5,0,.,1218038.25,"1,761,483.00",2905.33,438.053894,661.0278931,661.0278931,0,0,0,0,0,2024,,,,0,0,Nominal | 7/20/2020 7:19:03 PM,508,8784
Forcing Wind,Average,2024,AB_CCCT_NG,AB_CCCT_NG,4016518682,2563.947754,3861.9646,"3,523.00",86.7,37.5,38.19,36.6,"268,462.00","148,702.00","166,568.00","148,702.00",101894.28,0,.,0,"154,060,704.00",22521716,22521716,0,16.06,22,154060704,1019516.313,1019516.313,0,.,634199.38,"-47,103.00",191.03,148.178299,51.814785,51.814785,0,0,0,0,0,2024,,,,0,0,Nominal | 7/20/2020 7:19:03 PM,509,8784
Forcing Wind,Average,2024,AB_HY_WAT,AB_HY_WAT,4016518682,250.3448181,894,250,6.24,2.97,2.97,3.07,"30,353.00","6,537.00","30,353.00","6,537.00",0,0,.,0,0,2199029,2199029,0,0,0,0,97641.82031,97641.82031,0,.,0,"60,752.00",0,0,596.69104,596.69104,0,0,0,0,0,2024,,,,0,0,Nominal | 7/20/2020 7:19:03 PM,510,8784
Forcing Wind,Average,2024,AB_OtherTech_NG,AB_OtherTech_NG,4016518682,89.23654938,97.99453735,89,79.66,37.93,39.69,41.06,"4,272.00","6,362.00","4,272.00","6,362.00",0,0,.,0,"5,812,509.00",783853.88,783853.88,0,0.03,0,5812509,35317.19141,35317.19141,0,.,24158.52,-121,4.77,3.919672012,0,0,0,0,0,0,0,2024,,,,0,0,Nominal | 7/20/2020 7:19:03 PM,511,8784
Forcing Wind,Average,2024,AB_SCCT_NG,AB_SCCT_NG,4016518682,6337.884766,8596.081055,"8,075.00",55.48,23.67,24.35,15.46,"364,251.00","260,538.00","249,811.00","260,538.00",114440.31,0,.,0,"134,250,352.00",55671980,55671980,0,4.88,0.06,134250352,2508150.25,2508150.25,0,.,557996.81,"1,310,443.00",332.25,188.72258,12.52206039,12.52206039,0,0,0,0,0,2024,,,,0,0,Nominal | 7/20/2020 7:19:03 PM,512,8784
Forcing Wind,Average,2024,AB_SCCT_OT,AB_SCCT_OT,4016518682,85.62976837,94,86,10.78,5.13,5.15,5.32,"5,439.00","3,174.00","5,439.00","3,174.00",0,0,.,0,"8,193,872.50",752171.88,752171.88,0,0,0,8193872.5,33819.57422,33819.57422,0,.,700.03,"24,506.00",3.67,4.699999809,0,0,0,0,0,0,0,2024,,,,0,0,Nominal | 7/20/2020 7:19:03 PM,513,8784
Forcing Wind,Average,2024,AB_ST_Coal,AB_ST_Coal,4016518682,0,929,817,760.75,55.61,56.81,,"69,796.00",.,"69,796.00",.,0,0,.,0,0,0,0,0,0,0,0,0,0,0,.,0,"-69,796.00",38.58,73.60929108,0,0,0,0,0,0,0,2024,,,,0,0,Nominal | 7/20/2020 7:19:03 PM,514,0
Forcing Wind,Average,2024,AB_ST_OT,AB_ST_OT,4016518682,301.9983521,340,302,9.61,4.58,4.59,4.74,"27,602.00","11,196.00","27,602.00","11,196.00",0,0,.,0,"11,512,486.00",2652753.5,2652753.5,0,0,0,11512486,119274.5859,119274.5859,0,.,983.54,"79,494.00",21,17,0,0,0,0,0,0,0,2024,,,,0,0,Nominal | 7/20/2020 7:19:03 PM,515,8784
Forcing Wind,Average,2024,AB_ST_SUN,AB_ST_SUN,4016518682,3.646815062,15,4,0,0,0,0,542,.,542,.,0,0,.,0,0,32033.62,32033.62,0,0,0,0,1436.682007,1436.682007,0,.,0,894,9.85,1.5,0,0,0,0,0,0,0,2024,,,,0,0,Nominal | 7/20/2020 7:19:03 PM,516,4629
Forcing Wind,Average,2024,AB_WT_WND,AB_WT_WND,4016518682,1245.6698,3545,"1,241.00",-5.74,-2.73,-2.73,-2.82,"121,982.00","-29,910.00","121,982.00","42,248.00",0,-72157.45,.,0,0,10941963,10941963,0,0,0,0,494666.25,494666.25,0,.,0,"402,594.00",2303.97,0,0,0,0,0,0,0,0,2024,,,,0,0,Nominal | 7/20/2020 7:19:03 PM,517,8784
Forcing Wind,Average,2024,AB_Renewables,Alberta Renewables Group,4016518682,1887.289551,4888,"1,883.00",-0.31,-0.15,-0.14,-0.46,"185,918.00","-9,003.00","185,918.00","63,155.00",0,-72157.45,.,0,"19,706,358.00",16577951,16577951,0,0,0,19706358,746838.9375,746838.9375,0,.,1683.57,"568,240.00",2338.5,23.20000076,596.69104,596.69104,0,0,0,0,0,2024,,,,0,0,Nominal | 7/20/2020 7:19:03 PM,518,8784
Forcing Wind,Average,2024,Intertie,AB Interties,4016518682,930.7880249,3306,"3,306.00",91.62,43.63,43.63,45.44,.,.,.,.,0,0,.,0,"73,584,376.00",8176042,8176042,0,79.02,0,73584376,377709.7813,377709.7813,0,.,359723.53,"17,986.00",0,0,96.62162018,67.52733612,0,29.09428406,0,0,0,2024,,,,0,0,Nominal | 7/20/2020 7:19:03 PM,519,6941
Base Case,Average,2025,MRO,MidwestReliabilityOrganization,4272396904,276.8381348,306,306,95.66,45.55,45.55,47.04,.,.,.,.,0,0,.,0,"21,825,918.00",2425102,2425102,0,93.87,0,21825918,115978.6641,115978.6641,0,.,110455.85,"5,523.00",0,0,0,0,0,0,0,0,0,2025,,,,0,0,Nominal | 7/20/2020 3:46:40 PM,273,8223
Base Case,Average,2025,AB,Alberta,4272396904,10576.67969,16698.58789,"14,006.00",102.81,28.74,29.43,20.83,"900,293.00","448,512.00","631,593.00","476,041.00",268699.78,-27529.14,.,0,"339,710,496.00",92651712,92651712,0,6.71,8.34,339710496,4414515.5,4414515.5,0,.,1380591.38,"1,645,685.00",1593.92,455.6773987,666.0811157,666.0811157,0,0,0,0,0,2025,,,,0,0,Nominal | 7/20/2020 3:46:40 PM,274,8760
Base Case,Average,2025,AB_CCCT_NG,AB_CCCT_NG,4272396904,3015.175049,4282.121094,"3,910.00",87.41,38.15,38.81,37.18,"341,098.00","166,203.00","187,561.00","166,203.00",153537.63,0,.,0,"178,751,008.00",26412932,26412932,0,4.71,29.73,178751008,1259844.875,1259844.875,0,.,763591.94,"-31,882.00",207.15,165.2112885,37.64405441,37.64405441,0,0,0,0,0,2025,,,,0,0,Nominal | 7/20/2020 3:46:40 PM,275,8760
Base Case,Average,2025,AB_HY_WAT,AB_HY_WAT,4272396904,250.5209656,894,251,6.35,3.02,3.02,3.12,"30,792.00","6,636.00","30,792.00","6,636.00",0,0,.,0,0,2194563.5,2194563.5,0,0,0,0,103998.0703,103998.0703,0,.,0,"66,570.00",0,0,615.2250977,615.2250977,0,0,0,0,0,2025,,,,0,0,Nominal | 7/20/2020 3:46:40 PM,276,8760
Base Case,Average,2025,AB_OtherTech_NG,AB_OtherTech_NG,4272396904,89.2878418,97.98904419,89,83.22,39.63,41.48,42.89,"4,334.00","6,458.00","4,334.00","6,458.00",0,0,.,0,"5,799,727.50",782161.5,782161.5,0,0,0,5799727.5,37268.95313,37268.95313,0,.,25255.54,458,4.77,3.930410862,0,0,0,0,0,0,0,2025,,,,0,0,Nominal | 7/20/2020 3:46:40 PM,277,8760
Base Case,Average,2025,AB_SCCT_NG,AB_SCCT_NG,4272396904,6361.851074,8595.598633,"8,074.00",57.58,24.65,25.37,16.2,"368,573.00","266,048.00","253,410.00","266,048.00",115162.16,0,.,0,"135,507,248.00",55729816,55729816,0,2,0.06,135507248,2655019.75,2655019.75,0,.,590036,"1,412,525.00",332.2,189.1003418,13.21199894,13.21199894,0,0,0,0,0,2025,,,,0,0,Nominal | 7/20/2020 3:46:40 PM,278,8760
Base Case,Average,2025,AB_SCCT_OT,AB_SCCT_OT,4272396904,85.62976837,94,86,10.96,5.22,5.24,5.41,"5,518.00","3,220.00","5,518.00","3,220.00",0,0,.,0,"8,171,485.00",750116.81,750116.81,0,0,0,8171485,35701.18359,35701.18359,0,.,710.15,"26,253.00",3.67,4.699999809,0,0,0,0,0,0,0,2025,,,,0,0,Nominal | 7/20/2020 3:46:40 PM,279,8760
Base Case,Average,2025,AB_ST_Coal,AB_ST_Coal,4272396904,0,929,817,719.35,56.35,57.56,,"70,805.00",.,"70,805.00",.,0,0,.,0,0,0,0,0,0,0,0,0,0,0,.,0,"-70,805.00",38.57,73.81095886,0,0,0,0,0,0,0,2025,,,,0,0,Nominal | 7/20/2020 3:46:40 PM,280,0
Base Case,Average,2025,AB_ST_OT,AB_ST_OT,4272396904,301.9983521,340,302,9.78,4.66,4.67,4.82,"28,001.00","11,358.00","28,001.00","11,358.00",0,0,.,0,"11,481,031.00",2645505.5,2645505.5,0,0,0,11481031,125910.6328,125910.6328,0,.,997.77,"85,554.00",21,17,0,0,0,0,0,0,0,2025,,,,0,0,Nominal | 7/20/2020 3:46:40 PM,281,8760
Base Case,Average,2025,AB_ST_SUN,AB_ST_SUN,4272396904,3.645370722,15,4,0,0,0,0,550,.,550,.,0,0,.,0,0,31933.45,31933.45,0,0,0,0,1521.268433,1521.268433,0,.,0,971,9.85,1.5,0,0,0,0,0,0,0,2025,,,,0,0,Nominal | 7/20/2020 3:46:40 PM,282,4617
Base Case,Average,2025,AB_WT_WND,AB_WT_WND,4272396904,468.571106,1445,468,-5.79,-2.76,-2.76,-2.87,"50,441.00","-11,411.00","50,441.00","16,118.00",0,-27529.14,.,0,0,4104683,4104683,0,0,0,0,195250.8906,195250.8906,0,.,0,"156,221.00",976.51,0,0,0,0,0,0,0,0,2025,,,,0,0,Nominal | 7/20/2020 3:46:40 PM,283,8684
Base Case,Average,2025,AB_Renewables,Alberta Renewables Group,4272396904,1110.365601,2788,"1,110.00",3.42,1.63,1.63,1.22,"115,302.00","9,803.00","115,302.00","37,332.00",0,-27529.14,.,0,"19,652,516.00",9726802,9726802,0,0,0,19652516,462382.0313,462382.0313,0,.,1707.91,"335,569.00",1011.04,23.20000076,615.2250977,615.2250977,0,0,0,0,0,2025,,,,0,0,Nominal | 7/20/2020 3:46:40 PM,284,8760
Base Case,Average,2025,Intertie,AB Interties,4272396904,1310.20874,3306,"3,306.00",95.66,45.55,45.55,47.12,.,.,.,.,0,0,.,0,"103,296,856.00",11477428,11477428,0,93.87,0,103296856,550166.0625,550166.0625,0,.,523656.16,"26,510.00",0,0,96.62158966,83.47399139,0,13.14759922,0,0,0,2025,,,,0,0,Nominal | 7/20/2020 3:46:40 PM,285,8223
Forcing Wind,Average,2025,MRO,MidwestReliabilityOrganization,4172399081,197.5027771,306,306,95.66,45.55,45.55,47.06,.,.,.,.,0,0,.,0,"15,571,119.00",1730124.38,1730124.38,0,69.82,0,15571119,82760.33594,82760.33594,0,.,78819.35,"3,941.00",0,0,0,0,0,0,0,0,0,2025,,,,0,0,Nominal | 7/20/2020 7:19:03 PM,819,6116
Forcing Wind,Average,2025,AB,Alberta,4172399081,11183.27051,18798.58789,"14,776.00",99.2,27.13,27.78,18.86,"973,597.00","417,502.00","704,898.00","490,549.00",268699.78,-73047.63,.,0,"328,913,792.00",97965448,97965448,0,30.18,7.91,328913792,4560309.5,4560309.5,0,.,1333287.5,"1,797,867.00",2923.66,455.6773987,666.0811157,666.0811157,0,0,0,0,0,2025,,,,0,0,Nominal | 7/20/2020 7:19:03 PM,820,8760
Forcing Wind,Average,2025,AB_CCCT_NG,AB_CCCT_NG,4172399081,2890.546143,4282.121094,"3,910.00",87.41,38.15,38.81,36.95,"341,098.00","157,190.00","187,561.00","157,190.00",153537.63,0,.,0,"170,836,624.00",25321186,25321186,0,22.69,29.73,170836624,1183879.25,1183879.25,0,.,728863.88,"-63,107.00",207.15,165.2112885,65.25153351,65.25153351,0,0,0,0,0,2025,,,,0,0,Nominal | 7/20/2020 7:19:03 PM,821,8760
Forcing Wind,Average,2025,AB_HY_WAT,AB_HY_WAT,4172399081,250.5209656,894,251,6.35,3.02,3.02,3.12,"30,792.00","6,636.00","30,792.00","6,636.00",0,0,.,0,0,2194563.5,2194563.5,0,0,0,0,101716.375,101716.375,0,.,0,"64,288.00",0,0,587.4747314,587.4747314,0,0,0,0,0,2025,,,,0,0,Nominal | 7/20/2020 7:19:03 PM,822,8760
Forcing Wind,Average,2025,AB_OtherTech_NG,AB_OtherTech_NG,4172399081,89.00234985,97.98904419,89,83.22,39.63,41.48,42.9,"4,334.00","6,437.00","4,334.00","6,437.00",0,0,.,0,"5,782,216.50",779660.56,779660.56,0,0.13,0,5782216.5,36306.12891,36306.12891,0,.,25182.76,-409,4.77,3.930410862,0,0,0,0,0,0,0,2025,,,,0,0,Nominal | 7/20/2020 7:19:03 PM,823,8760
Forcing Wind,Average,2025,AB_SCCT_NG,AB_SCCT_NG,4172399081,6318.861328,8595.598633,"8,074.00",57.77,24.65,25.37,16.01,"368,573.00","262,939.00","253,410.00","262,939.00",115162.16,0,.,0,"132,642,432.00",55353224,55353224,0,7.36,0.06,132642432,2576720.25,2576720.25,0,.,577532.88,"1,350,215.00",332.2,189.1003418,13.3548851,13.3548851,0,0,0,0,0,2025,,,,0,0,Nominal | 7/20/2020 7:19:03 PM,824,8760
Forcing Wind,Average,2025,AB_SCCT_OT,AB_SCCT_OT,4172399081,85.62976837,94,86,10.96,5.22,5.24,5.41,"5,518.00","3,220.00","5,518.00","3,220.00",0,0,.,0,"8,171,485.00",750116.81,750116.81,0,0,0,8171485,34865.57813,34865.57813,0,.,710.15,"25,417.00",3.67,4.699999809,0,0,0,0,0,0,0,2025,,,,0,0,Nominal | 7/20/2020 7:19:03 PM,825,8760
Forcing Wind,Average,2025,AB_ST_Coal,AB_ST_Coal,4172399081,0,929,817,750.76,56.35,57.56,,"70,805.00",.,"70,805.00",.,0,0,.,0,0,0,0,0,0,0,0,0,0,0,.,0,"-70,805.00",38.57,73.81095886,0,0,0,0,0,0,0,2025,,,,0,0,Nominal | 7/20/2020 7:19:03 PM,826,0
Forcing Wind,Average,2025,AB_ST_OT,AB_ST_OT,4172399081,301.9983521,340,302,9.78,4.66,4.67,4.82,"28,001.00","11,358.00","28,001.00","11,358.00",0,0,.,0,"11,481,031.00",2645505.5,2645505.5,0,0,0,11481031,122963.625,122963.625,0,.,997.77,"82,607.00",21,17,0,0,0,0,0,0,0,2025,,,,0,0,Nominal | 7/20/2020 7:19:03 PM,827,8760
Forcing Wind,Average,2025,AB_ST_SUN,AB_ST_SUN,4172399081,3.645370722,15,4,0,0,0,0,550,.,550,.,0,0,.,0,0,31933.45,31933.45,0,0,0,0,1511.234985,1511.234985,0,.,0,961,9.85,1.5,0,0,0,0,0,0,0,2025,,,,0,0,Nominal | 7/20/2020 7:19:03 PM,828,4617
Forcing Wind,Average,2025,AB_WT_WND,AB_WT_WND,4172399081,1243.066528,3545,"1,239.00",-5.84,-2.78,-2.78,-2.87,"123,746.00","-30,279.00","123,746.00","42,769.00",0,-73047.63,.,0,0,10889262,10889262,0,0,0,0,502347.0938,502347.0938,0,.,0,"408,880.00",2306.25,0,0,0,0,0,0,0,0,2025,,,,0,0,Nominal | 7/20/2020 7:19:03 PM,829,8760
Forcing Wind,Average,2025,AB_Renewables,Alberta Renewables Group,4172399081,1884.860962,4888,"1,881.00",-0.32,-0.15,-0.15,-0.46,"188,607.00","-9,065.00","188,607.00","63,983.00",0,-73047.63,.,0,"19,652,516.00",16511382,16511382,0,0,0,19652516,763403.9375,763403.9375,0,.,1707.91,"582,154.00",2340.78,23.20000076,587.4747314,587.4747314,0,0,0,0,0,2025,,,,0,0,Nominal | 7/20/2020 7:19:03 PM,830,8760
Forcing Wind,Average,2025,Intertie,AB Interties,4172399081,703.6176147,3306,"3,306.00",95.66,45.55,45.55,47.05,.,.,.,.,0,0,.,0,"55,473,216.00",6163690.5,6163690.5,0,69.82,0,55473216,294831.9063,294831.9063,0,.,280792.25,"14,040.00",0,0,96.62162018,57.3773613,0,39.2442627,0,0,0,2025,,,,0,0,Nominal | 7/20/2020 7:19:03 PM,831,6116
Base Case,Average,2026,MRO,MidwestReliabilityOrganization,4502931457,249.2067108,306,306,100.66,47.93,47.93,49.53,.,.,.,.,0,0,.,0,"19,647,458.00",2183050.75,2183050.75,0,86.39,0,19647458,109912.7109,109912.7109,0,.,104678.76,"5,234.00",0,0,0,0,0,0,0,0,0,2026,,,,0,0,Nominal | 7/20/2020 3:46:40 PM,117,7568
Base Case,Average,2026,AB,Alberta,4502931457,10938.97363,17118.96094,"14,397.00",102.2,30.05,30.75,22.15,"982,308.00","464,942.00","661,435.00","493,190.00",320873.09,-28248.15,.,0,"358,819,872.00",95825416,95825416,0,13.64,10.8,358819872,4774066.5,4774066.5,0,.,1541773.63,"1,737,101.00",1606.01,472.3681946,671.4898682,671.4898682,0,0,0,0,0,2026,,,,0,0,Nominal | 7/20/2020 3:46:40 PM,118,8760
Base Case,Average,2026,AB_CCCT_NG,AB_CCCT_NG,4502931457,3383.915771,4702.494141,"4,297.00",89.26,39.29,39.92,38.25,"415,951.00","178,621.00","209,720.00","178,621.00",206230.91,0,.,0,"198,573,040.00",29643104,29643104,0,9.12,36.06,198573040,1479030,1479030,0,.,892363.56,"-34,517.00",223.29,181.9020996,44.14407349,44.14407349,0,0,0,0,0,2026,,,,0,0,Nominal | 7/20/2020 3:46:40 PM,119,8760
Base Case,Average,2026,AB_HY_WAT,AB_HY_WAT,4502931457,250.5209656,894,251,6.46,3.08,3.08,3.18,"31,325.00","6,751.00","31,325.00","6,751.00",0,0,.,0,0,2194563.5,2194563.5,0,0,0,0,108736.7266,108736.7266,0,.,0,"70,661.00",0,0,612.9851074,612.9851074,0,0,0,0,0,2026,,,,0,0,Nominal | 7/20/2020 3:46:40 PM,120,8760
Base Case,Average,2026,AB_OtherTech_NG,AB_OtherTech_NG,4502931457,89.28521729,97.98904419,89,87.52,41.68,43.64,45.12,"4,409.00","6,569.00","4,409.00","6,569.00",0,0,.,0,"5,799,566.50",782138.5,782138.5,0,0.01,0,5799566.5,38964.09766,38964.09766,0,.,26718.3,388,4.77,3.930410862,0,0,0,0,0,0,0,2026,,,,0,0,Nominal | 7/20/2020 3:46:40 PM,121,8760
Base Case,Average,2026,AB_SCCT_NG,AB_SCCT_NG,4502931457,6351.353027,8595.598633,"8,074.00",60.26,25.83,26.6,16.92,"372,438.00","269,880.00","257,795.00","269,880.00",114642.2,0,.,0,"134,794,752.00",55637856,55637856,0,4.51,0.06,134794752,2771548.25,2771548.25,0,.,620954.31,"1,487,826.00",332.2,189.1003418,14.36069584,14.36069584,0,0,0,0,0,2026,,,,0,0,Nominal | 7/20/2020 3:46:40 PM,122,8760
Base Case,Average,2026,AB_SCCT_OT,AB_SCCT_OT,4502931457,85.62976837,94,86,11.15,5.31,5.33,5.51,"5,613.00","3,276.00","5,613.00","3,276.00",0,0,.,0,"8,171,485.00",750116.81,750116.81,0,0,0,8171485,37324.5,37324.5,0,.,722.44,"27,713.00",3.67,4.699999809,0,0,0,0,0,0,0,2026,,,,0,0,Nominal | 7/20/2020 3:46:40 PM,123,8760
Base Case,Average,2026,AB_ST_Coal,AB_ST_Coal,4502931457,0,929,817,681.8,57.1,58.33,,"72,030.00",.,"72,030.00",.,0,0,.,0,0,0,0,0,0,0,0,0,0,0,.,0,"-72,030.00",38.57,73.81095886,0,0,0,0,0,0,0,2026,,,,0,0,Nominal | 7/20/2020 3:46:40 PM,124,0
Base Case,Average,2026,AB_ST_OT,AB_ST_OT,4502931457,301.9983521,340,302,9.95,4.74,4.75,4.91,"28,485.00","11,554.00","28,485.00","11,554.00",0,0,.,0,"11,481,031.00",2645505.5,2645505.5,0,0,0,11481031,131635.7344,131635.7344,0,.,1015.03,"90,581.00",21,17,0,0,0,0,0,0,0,2026,,,,0,0,Nominal | 7/20/2020 3:46:40 PM,125,8760
Base Case,Average,2026,AB_ST_SUN,AB_ST_SUN,4502931457,3.63727355,15,4,0,0,0,0,560,.,560,.,0,0,.,0,0,31862.52,31862.52,0,0,0,0,1595.51062,1595.51062,0,.,0,"1,036.00",9.86,1.5,0,0,0,0,0,0,0,2026,,,,0,0,Nominal | 7/20/2020 3:46:40 PM,126,4617
Base Case,Average,2026,AB_WT_WND,AB_WT_WND,4502931457,472.6333313,1445,473,-5.89,-2.81,-2.81,-2.92,"51,314.00","-11,709.00","51,314.00","16,539.00",0,-28248.15,.,0,0,4140268,4140268,0,0,0,0,205231.8125,205231.8125,0,.,0,"165,627.00",972.45,0,0,0,0,0,0,0,0,2026,,,,0,0,Nominal | 7/20/2020 3:46:40 PM,127,8692
Base Case,Average,2026,AB_Renewables,Alberta Renewables Group,4502931457,1114.419678,2788,"1,114.00",3.44,1.64,1.64,1.23,"117,297.00","9,872.00","117,297.00","38,120.00",0,-28248.15,.,0,"19,652,516.00",9762316,9762316,0,0,0,19652516,484524.2813,484524.2813,0,.,1737.47,"355,618.00",1006.99,23.20000076,612.9851074,612.9851074,0,0,0,0,0,2026,,,,0,0,Nominal | 7/20/2020 3:46:40 PM,128,8760
Base Case,Average,2026,Intertie,AB Interties,4502931457,1031.126099,3306,"3,306.00",100.66,47.93,47.93,49.58,.,.,.,.,0,0,.,0,"81,293,984.00",9032665,9032665,0,86.39,0,81293984,455311.8125,455311.8125,0,.,433613.22,"21,699.00",0,0,96.62162018,73.75670624,0,22.86491203,0,0,0,2026,,,,0,0,Nominal | 7/20/2020 3:46:40 PM,129,7568
Forcing Wind,Average,2026,MRO,MidwestReliabilityOrganization,4368822824,162.1012878,306,306,100.66,47.93,47.93,49.47,.,.,.,.,0,0,.,0,"12,780,065.00",1420007.25,1420007.25,0,59.06,0,12780065,71414,71414,0,.,68013.32,"3,401.00",0,0,0,0,0,0,0,0,0,2026,,,,0,0,Nominal | 7/20/2020 7:19:03 PM,585,5174
Forcing Wind,Average,2026,AB,Alberta,4368822824,11468.02539,19218.96094,"15,174.00",99.35,28.4,29.06,19.95,"1,056,882.00","427,095.00","736,009.00","502,013.00",320873.09,-74917.12,.,0,"342,772,096.00",100459896,100459896,0,40.94,10.26,342772096,4859303,4859303,0,.,1467179.63,"1,862,569.00",2929.6,472.3681946,671.4898682,671.4898682,0,0,0,0,0,2026,,,,0,0,Nominal | 7/20/2020 7:19:03 PM,586,8760
Forcing Wind,Average,2026,AB_CCCT_NG,AB_CCCT_NG,4368822824,3196.054199,4702.494141,"4,297.00",89.26,39.29,39.92,37.88,"415,951.00","164,802.00","209,720.00","164,802.00",206230.91,0,.,0,"186,706,176.00",27997436,27997436,0,29.33,36.06,186706176,1361584,1361584,0,.,837074.06,"-81,124.00",223.29,181.9020996,75.70249176,75.70249176,0,0,0,0,0,2026,,,,0,0,Nominal | 7/20/2020 7:19:03 PM,587,8760
Forcing Wind,Average,2026,AB_HY_WAT,AB_HY_WAT,4368822824,250.5209656,894,251,6.46,3.08,3.08,3.18,"31,325.00","6,751.00","31,325.00","6,751.00",0,0,.,0,0,2194563.5,2194563.5,0,0,0,0,105690.2734,105690.2734,0,.,0,"67,614.00",0,0,581.5450439,581.5450439,0,0,0,0,0,2026,,,,0,0,Nominal | 7/20/2020 7:19:03 PM,588,8760
Forcing Wind,Average,2026,AB_OtherTech_NG,AB_OtherTech_NG,4368822824,88.36322021,97.98904419,89,87.52,41.68,43.64,45.14,"4,409.00","6,501.00","4,409.00","6,501.00",0,0,.,0,"5,743,014.50",774061.81,774061.81,0,0.35,0,5743014.5,37481.14453,37481.14453,0,.,26458.15,-758,4.77,3.930410862,0,0,0,0,0,0,0,2026,,,,0,0,Nominal | 7/20/2020 7:19:03 PM,589,8760
Forcing Wind,Average,2026,AB_SCCT_NG,AB_SCCT_NG,4368822824,6288.626953,8595.598633,"8,074.00",60.52,25.83,26.6,16.63,"372,438.00","265,264.00","257,795.00","265,264.00",114642.2,0,.,0,"130,670,400.00",55088372,55088372,0,11.26,0.06,130670400,2664512.25,2664512.25,0,.,601909.94,"1,405,075.00",332.2,189.1003418,14.24234962,14.24234962,0,0,0,0,0,2026,,,,0,0,Nominal | 7/20/2020 7:19:03 PM,590,8760
Forcing Wind,Average,2026,AB_SCCT_OT,AB_SCCT_OT,4368822824,85.62976837,94,86,11.15,5.31,5.33,5.51,"5,613.00","3,276.00","5,613.00","3,276.00",0,0,.,0,"8,171,485.00",750116.81,750116.81,0,0,0,8171485,36212.88281,36212.88281,0,.,722.44,"26,601.00",3.67,4.699999809,0,0,0,0,0,0,0,2026,,,,0,0,Nominal | 7/20/2020 7:19:03 PM,591,8760
Forcing Wind,Average,2026,AB_ST_Coal,AB_ST_Coal,4368822824,0,929,817,725.12,57.1,58.33,,"72,030.00",.,"72,030.00",.,0,0,.,0,0,0,0,0,0,0,0,0,0,0,.,0,"-72,030.00",38.57,73.81095886,0,0,0,0,0,0,0,2026,,,,0,0,Nominal | 7/20/2020 7:19:03 PM,592,0
Forcing Wind,Average,2026,AB_ST_OT,AB_ST_OT,4368822824,301.9983521,340,302,9.95,4.74,4.75,4.91,"28,485.00","11,554.00","28,485.00","11,554.00",0,0,.,0,"11,481,031.00",2645505.5,2645505.5,0,0,0,11481031,127715.2813,127715.2813,0,.,1015.03,"86,661.00",21,17,0,0,0,0,0,0,0,2026,,,,0,0,Nominal | 7/20/2020 7:19:03 PM,593,8760
Forcing Wind,Average,2026,AB_ST_SUN,AB_ST_SUN,4368822824,3.63727355,15,4,0,0,0,0,560,.,560,.,0,0,.,0,0,31862.52,31862.52,0,0,0,0,1576.046753,1576.046753,0,.,0,"1,016.00",9.86,1.5,0,0,0,0,0,0,0,2026,,,,0,0,Nominal | 7/20/2020 7:19:03 PM,594,4617
Forcing Wind,Average,2026,AB_WT_WND,AB_WT_WND,4368822824,1253.19397,3545,"1,249.00",-5.94,-2.83,-2.83,-2.92,"125,887.00","-31,054.00","125,887.00","43,863.00",0,-74917.12,.,0,0,10977980,10977980,0,0,0,0,524530.875,524530.875,0,.,0,"429,698.00",2296.04,0,0,0,0,0,0,0,0,2026,,,,0,0,Nominal | 7/20/2020 7:19:03 PM,595,8760
Forcing Wind,Average,2026,AB_Renewables,Alberta Renewables Group,4368822824,1894.980347,4888,"1,891.00",-0.36,-0.17,-0.17,-0.48,"191,870.00","-9,473.00","191,870.00","65,445.00",0,-74917.12,.,0,"19,652,516.00",16600028,16600028,0,0,0,19652516,795725.375,795725.375,0,.,1737.47,"611,590.00",2330.57,23.20000076,581.5450439,581.5450439,0,0,0,0,0,2026,,,,0,0,Nominal | 7/20/2020 7:19:03 PM,596,8760
Forcing Wind,Average,2026,Intertie,AB Interties,4368822824,502.0751038,3306,"3,306.00",100.66,47.93,47.93,49.48,.,.,.,.,0,0,.,0,"39,583,600.00",4398178,4398178,0,59.06,0,39583600,221239.5938,221239.5938,0,.,210704.33,"10,535.00",0,0,96.62162018,45.55334473,0,51.06827545,0,0,0,2026,,,,0,0,Nominal | 7/20/2020 7:19:03 PM,597,5174
Base Case,Average,2027,MRO,MidwestReliabilityOrganization,4711633557,219.8735504,306,306,105.13,50.06,50.06,51.7,.,.,.,.,0,0,.,0,"17,334,832.00",1926092.38,1926092.38,0,77.12,0,17334832,101234.1563,101234.1563,0,.,96413.47,"4,821.00",0,0,0,0,0,0,0,0,0,2027,,,,0,0,Nominal | 7/20/2020 3:46:40 PM,351,6756
Base Case,Average,2027,AB,Alberta,4711633557,11280.38379,17539.33398,"14,790.00",102.45,31.39,32.11,23.54,"1,066,725.00","480,092.00","692,160.00","509,185.00",374564.28,-29092.83,.,0,"376,454,304.00",98816160,98816160,0,22.88,13.14,376454304,5096285,5096285,0,.,1695084.88,"1,777,952.00",1616.33,489.059021,678.9313965,678.9313965,0,0,0,0,0,2027,,,,0,0,Nominal | 7/20/2020 3:46:40 PM,352,8760
Base Case,Average,2027,AB_CCCT_NG,AB_CCCT_NG,4711633557,3736.144287,5122.867188,"4,685.00",90.98,40.33,40.93,39.22,"492,451.00","190,194.00","232,602.00","190,194.00",259849,0,.,0,"217,325,808.00",32728624,32728624,0,16.43,41.35,217325808,1691224.5,1691224.5,0,.,1019557.56,"-43,897.00",239.44,198.5928955,53.07182312,53.07182312,0,0,0,0,0,2027,,,,0,0,Nominal | 7/20/2020 3:46:40 PM,353,8760
Base Case,Average,2027,AB_HY_WAT,AB_HY_WAT,4711633557,250.5209656,894,251,6.57,3.13,3.13,3.23,"31,869.00","6,868.00","31,869.00","6,868.00",0,0,.,0,0,2194563.5,2194563.5,0,0,0,0,112513.6719,112513.6719,0,.,0,"73,777.00",0,0,609.996521,609.996521,0,0,0,0,0,2027,,,,0,0,Nominal | 7/20/2020 3:46:40 PM,354,8760
Base Case,Average,2027,AB_OtherTech_NG,AB_OtherTech_NG,4711633557,89.23167419,97.98904419,89,91.4,43.53,45.59,47.14,"4,485.00","6,679.00","4,485.00","6,679.00",0,0,.,0,"5,796,282.50",781669.5,781669.5,0,0.03,0,5796282.5,40302.21094,40302.21094,0,.,28000.99,144,4.77,3.930410862,0,0,0,0,0,0,0,2027,,,,0,0,Nominal | 7/20/2020 3:46:40 PM,355,8760
Base Case,Average,2027,AB_SCCT_NG,AB_SCCT_NG,4711633557,6334.753906,8595.598633,"8,074.00",62.74,26.91,27.71,17.53,"376,986.00","273,323.00","262,271.00","273,323.00",114715.28,0,.,0,"133,679,688.00",55492444,55492444,0,6.42,0.06,133679688,2861264.75,2861264.75,0,.,645758.69,"1,542,308.00",332.2,189.1003418,15.86310959,15.86310959,0,0,0,0,0,2027,,,,0,0,Nominal | 7/20/2020 3:46:40 PM,356,8760
Base Case,Average,2027,AB_SCCT_OT,AB_SCCT_OT,4711633557,85.62976837,94,86,30.34,14.45,14.66,15.14,"5,711.00","3,333.00","5,711.00","3,333.00",0,0,.,0,"8,171,485.00",750116.81,750116.81,0,0,0,8171485,38626.35547,38626.35547,0,.,734.98,"21,921.00",3.67,4.699999809,0,0,0,0,0,0,0,2027,,,,0,0,Nominal | 7/20/2020 3:46:40 PM,357,8760
Base Case,Average,2027,AB_ST_Coal,AB_ST_Coal,4711633557,0,929,817,654.09,57.73,58.97,,"73,281.00",.,"73,281.00",.,0,0,.,0,0,0,0,0,0,0,0,0,0,0,.,0,"-73,281.00",38.57,73.81095886,0,0,0,0,0,0,0,2027,,,,0,0,Nominal | 7/20/2020 3:46:40 PM,358,0
Base Case,Average,2027,AB_ST_OT,AB_ST_OT,4711633557,301.9983521,340,302,19.81,9.43,9.64,9.95,"28,980.00","11,755.00","28,980.00","11,755.00",0,0,.,0,"11,481,031.00",2645505.5,2645505.5,0,0,0,11481031,136227.1094,136227.1094,0,.,1032.65,"81,756.00",21,17,0,0,0,0,0,0,0,2027,,,,0,0,Nominal | 7/20/2020 3:46:40 PM,359,8760
Base Case,Average,2027,AB_ST_SUN,AB_ST_SUN,4711633557,3.634100437,15,4,0,0,0,0,569,.,569,.,0,0,.,0,0,31834.72,31834.72,0,0,0,0,1661.669678,1661.669678,0,.,0,"1,092.00",9.87,1.5,0,0,0,0,0,0,0,2027,,,,0,0,Nominal | 7/20/2020 3:46:40 PM,360,4617
Base Case,Average,2027,AB_WT_WND,AB_WT_WND,4711633557,478.4705505,1445,478,-5.99,-2.85,-2.85,-2.97,"52,204.00","-12,059.00","52,204.00","17,034.00",0,-29092.83,.,0,0,4191402,4191402,0,0,0,0,214464.625,214464.625,0,.,0,"174,319.00",966.62,0,0,0,0,0,0,0,0,2027,,,,0,0,Nominal | 7/20/2020 3:46:40 PM,361,8687
Base Case,Average,2027,AB_Renewables,Alberta Renewables Group,4711633557,1120.253784,2788,"1,120.00",8,3.81,3.89,3.29,"119,333.00","9,897.00","119,333.00","38,989.00",0,-29092.83,.,0,"19,652,516.00",9813423,9813423,0,0,0,19652516,503493.4375,503493.4375,0,.,1767.63,"352,865.00",1001.15,23.20000076,609.996521,609.996521,0,0,0,0,0,2027,,,,0,0,Nominal | 7/20/2020 3:46:40 PM,362,8760
Base Case,Average,2027,Intertie,AB Interties,4711633557,804.2017212,3306,"3,306.00",105.13,50.06,50.06,51.76,.,.,.,.,0,0,.,0,"63,403,264.00",7044807,7044807,0,77.12,0,63403264,370696,370696,0,.,353043.75,"17,652.00",0,0,96.62162018,64.65707397,0,31.96455002,0,0,0,2027,,,,0,0,Nominal | 7/20/2020 3:46:40 PM,363,6756
Forcing Wind,Average,2027,MRO,MidwestReliabilityOrganization,4546402675,129.4317474,306,306,105.13,50.06,50.06,51.66,.,.,.,.,0,0,.,0,"10,204,398.00",1133822,1133822,0,48.3,0,10204398,59541.12891,59541.12891,0,.,56705.83,"2,835.00",0,0,0,0,0,0,0,0,0,2027,,,,0,0,Nominal | 7/20/2020 7:19:03 PM,741,4231
Forcing Wind,Average,2027,AB,Alberta,4546402675,11729.82617,19639.33398,"15,565.00",100.18,29.71,30.4,21.13,"1,142,593.00","435,789.00","768,028.00","512,277.00",374564.28,-76488.09,.,0,"355,567,232.00",102753272,102753272,0,51.7,12.49,355567232,5118393,5118393,0,.,1593027.5,"1,874,035.00",2941.37,489.059021,678.9313965,678.9313965,0,0,0,0,0,2027,,,,0,0,Nominal | 7/20/2020 7:19:03 PM,742,8760
Forcing Wind,Average,2027,AB_CCCT_NG,AB_CCCT_NG,4546402675,3494.955322,5122.867188,"4,685.00",90.98,40.33,40.93,38.72,"492,451.00","172,164.00","232,602.00","172,164.00",259849,0,.,0,"202,159,376.00",30615810,30615810,0,33.9,41.34,202159376,1534318.375,1534318.375,0,.,945163,"-105,877.00",239.44,198.5928955,86.41474152,86.41474152,0,0,0,0,0,2027,,,,0,0,Nominal | 7/20/2020 7:19:03 PM,743,8760
Forcing Wind,Average,2027,AB_HY_WAT,AB_HY_WAT,4546402675,250.5209656,894,251,6.57,3.13,3.13,3.23,"31,869.00","6,868.00","31,869.00","6,868.00",0,0,.,0,0,2194563.5,2194563.5,0,0,0,0,108816.1719,108816.1719,0,.,0,"70,079.00",0,0,577.1781616,577.1781616,0,0,0,0,0,2027,,,,0,0,Nominal | 7/20/2020 7:19:03 PM,744,8760
Forcing Wind,Average,2027,AB_OtherTech_NG,AB_OtherTech_NG,4546402675,86.80172729,97.98904419,89,91.4,43.53,45.59,47.21,"4,485.00","6,497.00","4,485.00","6,497.00",0,0,.,0,"5,647,238.50",760383.13,760383.13,0,0.58,0,5647238.5,38012.67969,38012.67969,0,.,27289.23,"-1,226.00",4.77,3.930410862,0,0,0,0,0,0,0,2027,,,,0,0,Nominal | 7/20/2020 7:19:03 PM,745,8760
Forcing Wind,Average,2027,AB_SCCT_NG,AB_SCCT_NG,4546402675,6248.632324,8595.598633,"8,074.00",63.06,26.91,27.71,17.13,"376,986.00","266,876.00","262,271.00","266,876.00",114715.28,0,.,0,"128,108,096.00",54738020,54738020,0,17.21,0.06,128108096,2726598.25,2726598.25,0,.,618807.69,"1,441,993.00",332.2,189.1003418,15.33853245,15.33853245,0,0,0,0,0,2027,,,,0,0,Nominal | 7/20/2020 7:19:03 PM,746,8760
Forcing Wind,Average,2027,AB_SCCT_OT,AB_SCCT_OT,4546402675,85.62976837,94,86,30.34,14.45,14.66,15.14,"5,711.00","3,333.00","5,711.00","3,333.00",0,0,.,0,"8,171,485.00",750116.81,750116.81,0,0,0,8171485,37271.77734,37271.77734,0,.,734.98,"20,566.00",3.67,4.699999809,0,0,0,0,0,0,0,2027,,,,0,0,Nominal | 7/20/2020 7:19:03 PM,747,8760
Forcing Wind,Average,2027,AB_ST_Coal,AB_ST_Coal,4546402675,0,929,817,706.7,57.73,58.97,,"73,281.00",.,"73,281.00",.,0,0,.,0,0,0,0,0,0,0,0,0,0,0,.,0,"-73,281.00",38.57,73.81095886,0,0,0,0,0,0,0,2027,,,,0,0,Nominal | 7/20/2020 7:19:03 PM,748,0
Forcing Wind,Average,2027,AB_ST_OT,AB_ST_OT,4546402675,301.9983521,340,302,19.81,9.43,9.64,9.95,"28,980.00","11,755.00","28,980.00","11,755.00",0,0,.,0,"11,481,031.00",2645505.5,2645505.5,0,0,0,11481031,131449.7969,131449.7969,0,.,1032.65,"76,979.00",21,17,0,0,0,0,0,0,0,2027,,,,0,0,Nominal | 7/20/2020 7:19:03 PM,749,8760
Forcing Wind,Average,2027,AB_ST_SUN,AB_ST_SUN,4546402675,3.634100437,15,4,0,0,0,0,569,.,569,.,0,0,.,0,0,31834.72,31834.72,0,0,0,0,1626.3302,1626.3302,0,.,0,"1,057.00",9.87,1.5,0,0,0,0,0,0,0,2027,,,,0,0,Nominal | 7/20/2020 7:19:03 PM,750,4617
Forcing Wind,Average,2027,AB_WT_WND,AB_WT_WND,4546402675,1257.65332,3545,"1,253.00",-6.04,-2.88,-2.88,-2.97,"128,072.00","-31,705.00","128,072.00","44,783.00",0,-76488.09,.,0,0,11017043,11017043,0,0,0,0,540299.8125,540299.8125,0,.,0,"443,932.00",2291.66,0,0,0,0,0,0,0,0,2027,,,,0,0,Nominal | 7/20/2020 7:19:03 PM,751,8760
Forcing Wind,Average,2027,AB_Renewables,Alberta Renewables Group,4546402675,1899.436401,4888,"1,895.00",2.29,1.09,1.14,0.72,"195,201.00","-9,749.00","195,201.00","66,739.00",0,-76488.09,.,0,"19,652,516.00",16639063,16639063,0,0,0,19652516,819463.9375,819463.9375,0,.,1767.63,"612,614.00",2326.2,23.20000076,577.1781616,577.1781616,0,0,0,0,0,2027,,,,0,0,Nominal | 7/20/2020 7:19:03 PM,752,8760
Forcing Wind,Average,2027,Intertie,AB Interties,4546402675,354.7593994,3306,"3,306.00",105.13,50.06,50.06,51.61,.,.,.,.,0,0,.,0,"27,969,230.00",3107692.25,3107692.25,0,48.3,0,27969230,163031.4531,163031.4531,0,.,155268.02,"7,763.00",0,0,96.62162018,34.81025696,0,61.81136703,0,0,0,2027,,,,0,0,Nominal | 7/20/2020 7:19:03 PM,753,4231
Base Case,Average,2028,MRO,MidwestReliabilityOrganization,4857095815,148.1849518,306,306,109.76,52.27,52.27,53.94,.,.,.,.,0,0,.,0,"11,714,910.00",1301656.63,1301656.63,0,54.46,0,11714910,71378.01563,71378.01563,0,.,67979.05,"3,399.00",0,0,0,0,0,0,0,0,0,2028,,,,0,0,Nominal | 7/20/2020 3:46:40 PM,195,4784
Base Case,Average,2028,AB,Alberta,4857095815,11832.00391,18380.90234,"15,570.00",103.36,32.69,33.41,24.77,"1,225,978.00","495,158.00","745,439.00","524,977.00",480538.69,-29819.21,.,0,"405,151,776.00",103932320,103932320,0,45.54,17.46,405151776,5454665,5454665,0,.,1906315.5,"1,735,576.00",1646.45,521.2669678,686.6607666,686.6607666,0,0,0,0,0,2028,,,,0,0,Nominal | 7/20/2020 3:46:40 PM,196,8784
Base Case,Average,2028,AB_CCCT_NG,AB_CCCT_NG,4857095815,4343.81543,5963.947266,"5,461.00",91.41,40.91,41.46,39.56,"641,707.00","203,914.00","276,579.00","203,914.00",365128.19,0,.,0,"249,446,400.00",38156076,38156076,0,34.41,49.67,249446400,2009075,2009075,0,.,1216075.75,"-94,303.00",271.78,231.4042969,94.88433075,94.88433075,0,0,0,0,0,2028,,,,0,0,Nominal | 7/20/2020 3:46:40 PM,197,8784
Base Case,Average,2028,AB_HY_WAT,AB_HY_WAT,4857095815,250.3448181,894,250,6.69,3.18,3.18,3.29,"32,513.00","7,002.00","32,513.00","7,002.00",0,0,.,0,0,2199029,2199029,0,0,0,0,114548.5469,114548.5469,0,.,0,"75,033.00",0,0,574.8308716,574.8308716,0,0,0,0,0,2028,,,,0,0,Nominal | 7/20/2020 3:46:40 PM,198,8784
Base Case,Average,2028,AB_OtherTech_NG,AB_OtherTech_NG,4857095815,88.25102234,97.99453735,89,95.41,45.44,47.6,49.23,"4,576.00","6,739.00","4,576.00","6,739.00",0,0,.,0,"5,751,895.00",775197,775197,0,0.24,0,5751895,40690.91797,40690.91797,0,.,29116.89,-836,4.77,3.919672012,0,0,0,0,0,0,0,2028,,,,0,0,Nominal | 7/20/2020 3:46:40 PM,199,8784
Base Case,Average,2028,AB_SCCT_NG,AB_SCCT_NG,4857095815,6277.594727,8596.081055,"8,075.00",65.47,28.01,28.86,17.95,"382,996.00","274,470.00","267,586.00","274,470.00",115410.5,0,.,0,"130,247,136.00",55142392,55142392,0,10.88,0.06,130247136,2891762,2891762,0,.,659319.44,"1,550,185.00",332.22,188.7096252,16.9455986,16.9455986,0,0,0,0,0,2028,,,,0,0,Nominal | 7/20/2020 3:46:40 PM,200,8784
Base Case,Average,2028,AB_SCCT_OT,AB_SCCT_OT,4857095815,85.62976837,94,86,34.78,16.56,16.81,17.36,"5,826.00","3,400.00","5,826.00","3,400.00",0,0,.,0,"8,193,872.50",752171.88,752171.88,0,0,0,8193872.5,39370.64844,39370.64844,0,.,749.83,"20,901.00",3.67,4.699999809,0,0,0,0,0,0,0,2028,,,,0,0,Nominal | 7/20/2020 3:46:40 PM,201,8784
Base Case,Average,2028,AB_ST_Coal,AB_ST_Coal,4857095815,0,929,817,651.44,58.37,59.62,,"74,762.00",.,"74,762.00",.,0,0,.,0,0,0,0,0,0,0,0,0,0,0,.,0,"-74,762.00",38.58,73.60929108,0,0,0,0,0,0,0,2028,,,,0,0,Nominal | 7/20/2020 3:46:40 PM,202,0
Base Case,Average,2028,AB_ST_OT,AB_ST_OT,4857095815,301.9983521,340,302,22.15,10.55,10.79,11.14,"29,566.00","11,992.00","29,566.00","11,992.00",0,0,.,0,"11,512,486.00",2652753.5,2652753.5,0,0,0,11512486,138852.0781,138852.0781,0,.,1053.53,"80,664.00",21,17,0,0,0,0,0,0,0,2028,,,,0,0,Nominal | 7/20/2020 3:46:40 PM,203,8784
Base Case,Average,2028,AB_ST_SUN,AB_ST_SUN,4857095815,3.66059041,15,4,0,0,0,0,581,.,581,.,0,0,.,0,0,32154.63,32154.63,0,0,0,0,1725.713013,1725.713013,0,.,0,"1,145.00",9.84,1.5,0,0,0,0,0,0,0,2028,,,,0,0,Nominal | 7/20/2020 3:46:40 PM,204,4628
Base Case,Average,2028,AB_WT_WND,AB_WT_WND,4857095815,480.7090149,1445,481,-6.1,-2.9,-2.9,-3.02,"53,260.00","-12,360.00","53,260.00","17,459.00",0,-29819.21,.,0,0,4222548,4222548,0,0,0,0,218640.1563,218640.1563,0,.,0,"177,741.00",964.38,0,0,0,0,0,0,0,0,2028,,,,0,0,Nominal | 7/20/2020 3:46:40 PM,205,8711
Base Case,Average,2028,AB_Renewables,Alberta Renewables Group,4857095815,1122.342529,2788,"1,122.00",9.05,4.31,4.4,3.76,"121,745.00","10,034.00","121,745.00","39,854.00",0,-29819.21,.,0,"19,706,358.00",9858657,9858657,0,0,0,19706358,513137.1563,513137.1563,0,.,1803.36,"355,484.00",998.89,23.20000076,574.8308716,574.8308716,0,0,0,0,0,2028,,,,0,0,Nominal | 7/20/2020 3:46:40 PM,206,8784
Base Case,Average,2028,Intertie,AB Interties,4857095815,371.4949036,3306,"3,306.00",109.76,52.27,52.27,53.97,.,.,.,.,0,0,.,0,"29,368,902.00",3263211.25,3263211.25,0,54.46,0,29368902,179076.7188,179076.7188,0,.,170549.22,"8,527.00",0,0,96.62162018,40.84199524,0,55.77962875,0,0,0,2028,,,,0,0,Nominal | 7/20/2020 3:46:40 PM,207,4784
Forcing Wind,Average,2028,MRO,MidwestReliabilityOrganization,4585919696,61.7876091,306,306,109.76,52.27,52.27,53.76,.,.,.,.,0,0,.,0,"4,884,681.00",542742.38,542742.38,0,25.23,0,4884681,29665.84375,29665.84375,0,.,28253.18,"1,413.00",0,0,0,0,0,0,0,0,0,2028,,,,0,0,Nominal | 7/20/2020 7:19:03 PM,624,2216
Forcing Wind,Average,2028,AB,Alberta,4585919696,12081.54102,20480.90234,"16,340.00",102.83,31.04,31.73,22,"1,303,379.00","435,652.00","822,841.00","513,519.00",480538.69,-77866.83,.,0,"372,473,824.00",106124256,106124256,0,74.77,16.63,372473824,5268354.5,5268354.5,0,.,1739091.13,"1,704,660.00",2976.29,521.2669678,686.6607666,686.6607666,0,0,0,0,0,2028,,,,0,0,Nominal | 7/20/2020 7:19:03 PM,625,8784
Forcing Wind,Average,2028,AB_CCCT_NG,AB_CCCT_NG,4585919696,3998.204102,5963.947266,"5,461.00",91.42,40.91,41.46,38.85,"641,707.00","178,003.00","276,579.00","178,003.00",365128.19,0,.,0,"227,930,544.00",35120224,35120224,0,48.75,49.63,227930544,1757148.5,1757148.5,0,.,1105214.63,"-205,515.00",271.78,231.4042969,115.7929306,115.7929306,0,0,0,0,0,2028,,,,0,0,Nominal | 7/20/2020 7:19:03 PM,626,8784
Forcing Wind,Average,2028,AB_HY_WAT,AB_HY_WAT,4585919696,250.3448181,894,250,6.69,3.18,3.18,3.29,"32,513.00","7,002.00","32,513.00","7,002.00",0,0,.,0,0,2199029,2199029,0,0,0,0,108655.2891,108655.2891,0,.,0,"69,140.00",0,0,556.5682373,556.5682373,0,0,0,0,0,2028,,,,0,0,Nominal | 7/20/2020 7:19:03 PM,627,8784
Forcing Wind,Average,2028,AB_OtherTech_NG,AB_OtherTech_NG,4585919696,79.56806183,97.99453735,89,95.41,45.44,47.6,49.5,"4,576.00","6,076.00","4,576.00","6,076.00",0,0,.,0,"5,217,855.50",698925.88,698925.88,0,1.31,0,5217855.5,35317.64453,35317.64453,0,.,26430.18,"-2,758.00",4.77,3.919672012,0,0,0,0,0,0,0,2028,,,,0,0,Nominal | 7/20/2020 7:19:03 PM,628,8784
Forcing Wind,Average,2028,AB_SCCT_NG,AB_SCCT_NG,4585919696,6107.15918,8596.081055,"8,075.00",65.97,28.01,28.86,17.13,"382,996.00","261,455.00","267,586.00","261,455.00",115410.5,0,.,0,"119,619,072.00",53645288,53645288,0,24.72,0.05,119619072,2665221,2665221,0,.,605643,"1,392,358.00",332.22,188.7096252,14.29964828,14.29964828,0,0,0,0,0,2028,,,,0,0,Nominal | 7/20/2020 7:19:03 PM,629,8784
Forcing Wind,Average,2028,AB_SCCT_OT,AB_SCCT_OT,4585919696,85.62976837,94,86,34.78,16.56,16.81,17.36,"5,826.00","3,400.00","5,826.00","3,400.00",0,0,.,0,"8,193,872.50",752171.88,752171.88,0,0,0,8193872.5,37172.55078,37172.55078,0,.,749.83,"18,703.00",3.67,4.699999809,0,0,0,0,0,0,0,2028,,,,0,0,Nominal | 7/20/2020 7:19:03 PM,630,8784
Forcing Wind,Average,2028,AB_ST_Coal,AB_ST_Coal,4585919696,0,929,817,734.4,58.37,59.62,,"74,762.00",.,"74,762.00",.,0,0,.,0,0,0,0,0,0,0,0,0,0,0,.,0,"-74,762.00",38.58,73.60929108,0,0,0,0,0,0,0,2028,,,,0,0,Nominal | 7/20/2020 7:19:03 PM,631,0
Forcing Wind,Average,2028,AB_ST_OT,AB_ST_OT,4585919696,301.9983521,340,302,22.15,10.55,10.79,11.14,"29,566.00","11,992.00","29,566.00","11,992.00",0,0,.,0,"11,512,486.00",2652753.5,2652753.5,0,0,0,11512486,131099.8281,131099.8281,0,.,1053.53,"72,912.00",21,17,0,0,0,0,0,0,0,2028,,,,0,0,Nominal | 7/20/2020 7:19:03 PM,632,8784
Forcing Wind,Average,2028,AB_ST_SUN,AB_ST_SUN,4585919696,3.66059041,15,4,0,0,0,0,581,.,581,.,0,0,.,0,0,32154.63,32154.63,0,0,0,0,1654.596924,1654.596924,0,.,0,"1,074.00",9.84,1.5,0,0,0,0,0,0,0,2028,,,,0,0,Nominal | 7/20/2020 7:19:03 PM,633,4628
Forcing Wind,Average,2028,AB_WT_WND,AB_WT_WND,4585919696,1254.976318,3545,"1,251.00",-6.15,-2.93,-2.93,-3.02,"130,661.00","-32,276.00","130,661.00","45,590.00",0,-77866.83,.,0,0,11023712,11023712,0,0,0,0,532084.8125,532084.8125,0,.,0,"433,700.00",2294.23,0,0,0,0,0,0,0,0,2028,,,,0,0,Nominal | 7/20/2020 7:19:03 PM,634,8784
Forcing Wind,Average,2028,AB_Renewables,Alberta Renewables Group,4585919696,1896.609863,4888,"1,892.00",2.91,1.38,1.44,0.99,"199,147.00","-9,882.00","199,147.00","67,985.00",0,-77866.83,.,0,"19,706,358.00",16659821,16659821,0,0,0,19706358,810667.0625,810667.0625,0,.,1803.36,"595,529.00",2328.74,23.20000076,556.5682373,556.5682373,0,0,0,0,0,2028,,,,0,0,Nominal | 7/20/2020 7:19:03 PM,635,8784
Forcing Wind,Average,2028,Intertie,AB Interties,4585919696,121.9573212,3306,"3,306.00",109.76,52.27,52.27,53.43,.,.,.,.,0,0,.,0,"9,641,458.00",1071273.13,1071273.13,0,25.23,0,9641458,58199.99219,58199.99219,0,.,55428.55,"2,771.00",0,0,96.62162018,14.99263096,0,81.62899017,0,0,0,2028,,,,0,0,Nominal | 7/20/2020 7:19:03 PM,636,2216
Base Case,Average,2029,MRO,MidwestReliabilityOrganization,4990397560,109.1287384,306,306,114.11,54.34,54.34,56.12,.,.,.,.,0,0,.,0,"8,603,710.00",955967.75,955967.75,0,42.72,0,8603710,54542.53125,54542.53125,0,.,51945.26,"2,597.00",0,0,0,0,0,0,0,0,0,2029,,,,0,0,Nominal | 7/20/2020 3:46:40 PM,39,3742
Base Case,Average,2029,AB,Alberta,4990397560,12051.77344,18647.74023,"15,801.00",99.3,33.67,34.39,25.82,"1,300,344.00","501,944.00","763,846.00","531,641.00",536497.06,-29696.98,.,0,"415,067,296.00",105573536,105573536,0,57.28,19.65,415067296,5671718.5,5671718.5,0,.,2033311.88,"1,732,635.00",1664.49,539.1184082,691.65271,691.65271,0,0,0,0,0,2029,,,,0,0,Nominal | 7/20/2020 3:46:40 PM,40,8760
Base Case,Average,2029,AB_CCCT_NG,AB_CCCT_NG,4990397560,4615.388672,6383.98584,"5,847.00",93.61,42.09,42.62,40.57,"720,937.00","209,512.00","300,546.00","209,512.00",420390.66,0,.,0,"262,521,136.00",40430804,40430804,0,40.64,53,262521136,2180680.25,2180680.25,0,.,1330007.5,"-128,140.00",287.88,248.6653137,107.2040558,107.2040558,0,0,0,0,0,2029,,,,0,0,Nominal | 7/20/2020 3:46:40 PM,41,8760
Base Case,Average,2029,AB_HY_WAT,AB_HY_WAT,4990397560,250.5209656,894,251,6.8,3.24,3.24,3.35,"32,990.00","7,110.00","32,990.00","7,110.00",0,0,.,0,0,2194563.5,2194563.5,0,0,0,0,116835.7031,116835.7031,0,.,0,"76,735.00",0,0,567.4013062,567.4013062,0,0,0,0,0,2029,,,,0,0,Nominal | 7/20/2020 3:46:40 PM,42,8760
Base Case,Average,2029,AB_OtherTech_NG,AB_OtherTech_NG,4990397560,86.80960846,97.98904419,89,99.19,47.24,49.5,51.23,"4,643.00","6,727.00","4,643.00","6,727.00",0,0,.,0,"5,647,721.50",760452.13,760452.13,0,0.56,0,5647721.5,40950.81641,40950.81641,0,.,29810.75,"-1,410.00",4.77,3.930410862,0,0,0,0,0,0,0,2029,,,,0,0,Nominal | 7/20/2020 3:46:40 PM,43,8760
Base Case,Average,2029,AB_SCCT_NG,AB_SCCT_NG,4990397560,6235.956055,8595.598633,"8,074.00",67.98,29.06,29.94,18.41,"387,608.00","275,286.00","271,502.00","275,286.00",116106.44,0,.,0,"127,245,912.00",54626976,54626976,0,16.08,0.06,127245912,2932050.75,2932050.75,0,.,671663.81,"1,570,904.00",332.17,189.0873566,17.0473156,17.0473156,0,0,0,0,0,2029,,,,0,0,Nominal | 7/20/2020 3:46:40 PM,44,8760
Base Case,Average,2029,AB_SCCT_OT,AB_SCCT_OT,4990397560,85.62976837,94,86,38.22,18.2,18.48,19.09,"5,912.00","3,450.00","5,912.00","3,450.00",0,0,.,0,"8,171,485.00",750116.81,750116.81,0,0,0,8171485,40159.21484,40159.21484,0,.,760.85,"20,385.00",3.67,4.699999809,0,0,0,0,0,0,0,2029,,,,0,0,Nominal | 7/20/2020 3:46:40 PM,45,8760
Base Case,Average,2029,AB_ST_Coal,AB_ST_Coal,4990397560,0,776.2876587,671,527.43,48.7,49.75,,"63,428.00",.,"63,428.00",.,0,0,.,0,0,0,0,0,0,0,0,0,0,0,.,0,"-63,428.00",31.68,73.81095886,0,0,0,0,0,0,0,2029,,,,0,0,Nominal | 7/20/2020 3:46:40 PM,46,0
Base Case,Average,2029,AB_ST_OT,AB_ST_OT,4990397560,301.9983521,340,302,23.98,11.42,11.69,12.08,"30,000.00","12,168.00","30,000.00","12,168.00",0,0,.,0,"11,481,031.00",2645505.5,2645505.5,0,0,0,11481031,141633.1719,141633.1719,0,.,1069,"80,695.00",21,17,0,0,0,0,0,0,0,2029,,,,0,0,Nominal | 7/20/2020 3:46:40 PM,47,8760
Base Case,Average,2029,AB_ST_SUN,AB_ST_SUN,4990397560,3.659878492,15,4,0,0,0,0,589,.,589,.,0,0,.,0,0,32060.54,32060.54,0,0,0,0,1763.769409,1763.769409,0,.,0,"1,174.00",9.84,1.5,0,0,0,0,0,0,0,2029,,,,0,0,Nominal | 7/20/2020 3:46:40 PM,48,4619
Base Case,Average,2029,AB_WT_WND,AB_WT_WND,4990397560,471.8102722,1445,472,-6.2,-2.95,-2.95,-3.08,"54,042.00","-12,310.00","54,042.00","17,387.00",0,-29696.98,.,0,0,4133058,4133058,0,0,0,0,217644.9375,217644.9375,0,.,0,"175,913.00",973.27,0,0,0,0,0,0,0,0,2029,,,,0,0,Nominal | 7/20/2020 3:46:40 PM,49,8680
Base Case,Average,2029,AB_Renewables,Alberta Renewables Group,4990397560,1113.619263,2788,"1,114.00",10.02,4.77,4.88,4.19,"123,533.00","10,419.00","123,533.00","40,116.00",0,-29696.98,.,0,"19,652,516.00",9755304,9755304,0,0,0,19652516,518036.8125,518036.8125,0,.,1829.84,"354,903.00",1007.79,23.20000076,567.4013062,567.4013062,0,0,0,0,0,2029,,,,0,0,Nominal | 7/20/2020 3:46:40 PM,50,8760
Base Case,Average,2029,Intertie,AB Interties,4990397560,228.5236969,3306,"3,306.00",114.11,54.34,54.34,56.17,.,.,.,.,0,0,.,0,"18,016,808.00",2001867.5,2001867.5,0,42.72,0,18016808,114321.6406,114321.6406,0,.,108877.73,"5,444.00",0,0,96.62162018,27.59672356,0,69.02489471,0,0,0,2029,,,,0,0,Nominal | 7/20/2020 3:46:40 PM,51,3742
Forcing Wind,Average,2029,MRO,MidwestReliabilityOrganization,4652912860,36.11164093,306,306,114.11,54.34,54.34,55.64,.,.,.,.,0,0,.,0,"2,847,041.75",316337.97,316337.97,0,15.33,0,2847041.75,17893.89844,17893.89844,0,.,17041.81,852,0,0,0,0,0,0,0,0,0,2029,,,,0,0,Nominal | 7/20/2020 7:19:03 PM,468,1343
Forcing Wind,Average,2029,AB,Alberta,4652912860,12220.85938,20747.74023,"16,573.00",98.75,31.99,32.68,22.84,"1,378,882.00","436,092.00","842,385.00","514,702.00",536497.06,-78609.66,.,0,"377,763,456.00",107054728,107054728,0,84.67,18.72,377763456,5373617,5373617,0,.,1834597.75,"1,627,937.00",2992.05,539.1184082,691.65271,691.65271,0,0,0,0,0,2029,,,,0,0,Nominal | 7/20/2020 7:19:03 PM,469,8760
Forcing Wind,Average,2029,AB_CCCT_NG,AB_CCCT_NG,4652912860,4229.486328,6383.98584,"5,847.00",93.63,42.09,42.62,39.81,"720,937.00","181,082.00","300,546.00","181,082.00",420390.66,0,.,0,"238,821,584.00",37050304,37050304,0,53.57,52.85,238821584,1875093.25,1875093.25,0,.,1203126.38,"-273,671.00",287.88,248.6653137,123.8107986,123.8107986,0,0,0,0,0,2029,,,,0,0,Nominal | 7/20/2020 7:19:03 PM,470,8760
Forcing Wind,Average,2029,AB_HY_WAT,AB_HY_WAT,4652912860,250.5209656,894,251,6.8,3.24,3.24,3.35,"32,990.00","7,110.00","32,990.00","7,110.00",0,0,.,0,0,2194563.5,2194563.5,0,0,0,0,109534.2813,109534.2813,0,.,0,"69,434.00",0,0,553.4960327,553.4960327,0,0,0,0,0,2029,,,,0,0,Nominal | 7/20/2020 7:19:03 PM,471,8760
Forcing Wind,Average,2029,AB_OtherTech_NG,AB_OtherTech_NG,4652912860,75.18489838,97.98904419,89,99.19,47.24,49.5,51.62,"4,643.00","5,826.00","4,643.00","5,826.00",0,0,.,0,"4,934,705.50",658619.69,658619.69,0,1.84,0,4934705.5,33953.21875,33953.21875,0,.,26058.41,"-3,605.00",4.77,3.930410862,0,0,0,0,0,0,0,2029,,,,0,0,Nominal | 7/20/2020 7:19:03 PM,472,8760
Forcing Wind,Average,2029,AB_SCCT_NG,AB_SCCT_NG,4652912860,6024.323242,8595.598633,"8,074.00",68.6,29.06,29.94,17.34,"387,608.00","258,888.00","271,502.00","258,888.00",116106.44,0,.,0,"114,232,696.00",52773068,52773068,0,29.26,0.05,114232696,2652109.25,2652109.25,0,.,603109.81,"1,378,632.00",332.17,189.0873566,14.31956768,14.31956768,0,0,0,0,0,2029,,,,0,0,Nominal | 7/20/2020 7:19:03 PM,473,8760
Forcing Wind,Average,2029,AB_SCCT_OT,AB_SCCT_OT,4652912860,85.62976837,94,86,38.22,18.2,18.48,19.09,"5,912.00","3,450.00","5,912.00","3,450.00",0,0,.,0,"8,171,485.00",750116.81,750116.81,0,0,0,8171485,37443.375,37443.375,0,.,760.85,"17,669.00",3.67,4.699999809,0,0,0,0,0,0,0,2029,,,,0,0,Nominal | 7/20/2020 7:19:03 PM,474,8760
Forcing Wind,Average,2029,AB_ST_Coal,AB_ST_Coal,4652912860,1.458250046,776.2876587,671,603.91,48.7,49.75,69.79,"63,428.00",151,"63,428.00",151,0,0,.,0,"121,936.57",12774.27,12774.27,0,0,0.55,121936.57,751.1986694,751.1986694,0,.,473.37,"-63,538.00",31.68,73.81095886,0.026266038,0.026266038,0,0,0,0,0,2029,,,,0,0,Nominal | 7/20/2020 7:19:03 PM,475,80
Forcing Wind,Average,2029,AB_ST_OT,AB_ST_OT,4652912860,301.9983521,340,302,23.98,11.42,11.69,12.08,"30,000.00","12,168.00","30,000.00","12,168.00",0,0,.,0,"11,481,031.00",2645505.5,2645505.5,0,0,0,11481031,132054.9688,132054.9688,0,.,1069,"71,117.00",21,17,0,0,0,0,0,0,0,2029,,,,0,0,Nominal | 7/20/2020 7:19:03 PM,476,8760
Forcing Wind,Average,2029,AB_ST_SUN,AB_ST_SUN,4652912860,3.659878492,15,4,0,0,0,0,589,.,589,.,0,0,.,0,0,32060.54,32060.54,0,0,0,0,1680.957642,1680.957642,0,.,0,"1,092.00",9.84,1.5,0,0,0,0,0,0,0,2029,,,,0,0,Nominal | 7/20/2020 7:19:03 PM,477,4619
Forcing Wind,Average,2029,AB_WT_WND,AB_WT_WND,4652912860,1248.59729,3545,"1,244.00",-6.26,-2.98,-2.98,-3.08,"132,580.00","-32,584.00","132,580.00","46,025.00",0,-78609.66,.,0,0,10937712,10937712,0,0,0,0,530996.6875,530996.6875,0,.,0,"431,001.00",2300.83,0,0,0,0,0,0,0,0,2029,,,,0,0,Nominal | 7/20/2020 7:19:03 PM,478,8760
Forcing Wind,Average,2029,AB_Renewables,Alberta Renewables Group,4652912860,1890.40625,4888,"1,886.00",3.4,1.62,1.68,1.21,"202,071.00","-9,856.00","202,071.00","68,754.00",0,-78609.66,.,0,"19,652,516.00",16559959,16559959,0,0,0,19652516,811710.25,811710.25,0,.,1829.84,"590,313.00",2335.34,23.20000076,553.4960327,553.4960327,0,0,0,0,0,2029,,,,0,0,Nominal | 7/20/2020 7:19:03 PM,479,8760
Forcing Wind,Average,2029,Intertie,AB Interties,4652912860,59.4380722,3306,"3,306.00",114.11,54.34,54.34,55.13,.,.,.,.,0,0,.,0,"4,686,097.50",520677.5,520677.5,0,15.33,0,4686097.5,29185.91992,29185.91992,0,.,27796.11,"1,390.00",0,0,96.62162018,8.184160233,0,88.43746185,0,0,0,2029,,,,0,0,Nominal | 7/20/2020 7:19:03 PM,480,1343
Base Case,Average,2030,MRO,MidwestReliabilityOrganization,4712558041,8.259829521,306,306,117.18,55.8,55.8,57.24,.,.,.,.,0,0,.,0,"651,204.94",72356.1,72356.1,0,4.71,0,651204.94,4211.94873,4211.94873,0,.,4011.38,201,0,0,0,0,0,0,0,0,0,2030,,,,0,0,Nominal | 7/20/2020 3:46:40 PM,0,413
Base Case,Average,2030,AB,Alberta,4712558041,12373.03027,19075.73828,"16,268.00",73.04,31.99,32.65,23.91,"1,364,105.00","481,869.00","748,932.00","511,867.00",615173.19,-29998.68,.,0,"385,691,104.00",108387744,108387744,0,95.29,21.38,385691104,5462420.5,5462420.5,0,.,1921618.13,"1,589,667.00",1682.11,481.998291,698.4260254,698.4260254,0,0,0,0,0,2030,,,,0,0,Nominal | 7/20/2020 3:46:40 PM,1,8760
Base Case,Average,2030,AB_CCCT_NG,AB_CCCT_NG,4712558041,4486.751465,6804.358887,"6,235.00",94.99,42.84,43.36,40.35,"803,766.00","185,964.00","326,082.00","185,964.00",477683.31,0,.,0,"251,701,008.00",39303940,39303940,0,58.87,55.72,251701008,1990928.125,1990928.125,0,.,1299203.5,"-348,175.00",304.03,265.3561096,138.4244995,138.4244995,0,0,0,0,0,2030,,,,0,0,Nominal | 7/20/2020 3:46:40 PM,2,8760
Base Case,Average,2030,AB_HY_WAT,AB_HY_WAT,4712558041,250.5209656,894,251,6.92,3.3,3.3,3.4,"33,569.00","7,235.00","33,569.00","7,235.00",0,0,.,0,0,2194563.5,2194563.5,0,0,0,0,109235.4766,109235.4766,0,.,0,"68,432.00",0,0,544.4137573,544.4137573,0,0,0,0,0,2030,,,,0,0,Nominal | 7/20/2020 3:46:40 PM,3,8760
Base Case,Average,2030,AB_OtherTech_NG,AB_OtherTech_NG,4712558041,70.63557434,97.98904419,89,101.98,48.56,50.9,53.25,"4,725.00","5,569.00","4,725.00","5,569.00",0,0,.,0,"4,655,667.00",618767.63,618767.63,0,2.19,0,4655667,32109.96289,32109.96289,0,.,25272,"-4,512.00",4.77,3.930410862,0,0,0,0,0,0,0,2030,,,,0,0,Nominal | 7/20/2020 3:46:40 PM,4,8760
Base Case,Average,2030,AB_SCCT_NG,AB_SCCT_NG,4712558041,6705.468262,9379.510742,"8,829.00",65.2,27.58,28.41,15.82,"429,719.00","279,643.00","292,229.00","279,643.00",137489.86,0,.,0,"109,681,920.00",58739904,58739904,0,34.22,0.04,109681920,2958758,2958758,0,.,595280.69,"1,629,224.00",361.88,189.0873566,15.58777237,15.58777237,0,0,0,0,0,2030,,,,0,0,Nominal | 7/20/2020 3:46:40 PM,5,8760
Base Case,Average,2030,AB_SCCT_OT,AB_SCCT_OT,4712558041,85.62976837,94,86,40.06,19.08,19.37,20.01,"6,015.00","3,511.00","6,015.00","3,511.00",0,0,.,0,"8,171,485.00",750116.81,750116.81,0,0,0,8171485,37555.57422,37555.57422,0,.,774.18,"17,007.00",3.67,4.699999809,0,0,0,0,0,0,0,2030,,,,0,0,Nominal | 7/20/2020 3:46:40 PM,6,8760
Base Case,Average,2030,AB_ST_Coal,AB_ST_Coal,4712558041,0,0,.,0,0,0,,.,.,.,.,0,0,.,0,0,0,0,0,0,0,0,0,0,0,.,0,.,0,0,0,0,0,0,0,0,0,2030,,,,0,0,Nominal | 7/20/2020 3:46:40 PM,7,0
Base Case,Average,2030,AB_ST_OT,AB_ST_OT,4712558041,301.9983521,340,302,25,11.9,12.2,12.6,"30,526.00","12,382.00","30,526.00","12,382.00",0,0,.,0,"11,481,031.00",2645505.5,2645505.5,0,0,0,11481031,132450.6875,132450.6875,0,.,1087.74,"69,660.00",21,17,0,0,0,0,0,0,0,2030,,,,0,0,Nominal | 7/20/2020 3:46:40 PM,8,8760
Base Case,Average,2030,AB_ST_SUN,AB_ST_SUN,4712558041,3.647845745,15,4,0,0,0,0,600,.,600,.,0,0,.,0,0,31955.13,31955.13,0,0,0,0,1664.521729,1664.521729,0,.,0,"1,065.00",9.85,1.5,0,0,0,0,0,0,0,2030,,,,0,0,Nominal | 7/20/2020 3:46:40 PM,9,4618
Base Case,Average,2030,AB_WT_WND,AB_WT_WND,4712558041,468.3778687,1445,468,-6.31,-3,-3,-3.13,"54,989.00","-12,435.00","54,989.00","17,564.00",0,-29998.68,.,0,0,4102990,4102990,0,0,0,0,199718.3125,199718.3125,0,.,0,"157,164.00",976.71,0,0,0,0,0,0,0,0,2030,,,,0,0,Nominal | 7/20/2020 3:46:40 PM,10,8680
Base Case,Average,2030,AB_Renewables,Alberta Renewables Group,4712558041,1110.174805,2788,"1,110.00",10.53,5.01,5.13,4.42,"125,699.00","10,692.00","125,699.00","40,691.00",0,-29998.68,.,0,"19,652,516.00",9725131,9725131,0,0,0,19652516,480624.5625,480624.5625,0,.,1861.92,"313,327.00",1011.23,23.20000076,544.4137573,544.4137573,0,0,0,0,0,2030,,,,0,0,Nominal | 7/20/2020 3:46:40 PM,11,8760
Base Case,Average,2030,Intertie,AB Interties,4712558041,11.47234631,3306,"3,306.00",117.18,55.8,55.8,57.58,.,.,.,.,0,0,.,0,"904,479.75",100497.75,100497.75,0,4.71,0,904479.75,5884.54248,5884.54248,0,.,5604.33,280,0,0,96.62162018,1.323583841,0,95.29803467,0,0,0,2030,,,,0,0,Nominal | 7/20/2020 3:46:40 PM,12,413
Forcing Wind,Average,2030,MRO,MidwestReliabilityOrganization,4301669856,0.558349252,306,306,117.18,55.8,55.8,52.59,.,.,.,.,0,0,.,0,"44,020.25",4891.14,4891.14,0,0.47,0,44020.25,261.6218872,261.6218872,0,.,249.16,12,0,0,0,0,0,0,0,0,0,2030,,,,0,0,Nominal | 7/20/2020 7:19:03 PM,429,41
Forcing Wind,Average,2030,AB,Alberta,4301669856,12383.94141,21175.73828,"17,037.00",69.91,30.43,31.07,20.85,"1,444,020.00","411,131.00","828,847.00","490,670.00",615173.19,-79538.77,.,0,"341,365,024.00",108483328,108483328,0,99.53,20.21,341365024,4998044,4998044,0,.,1682869.88,"1,364,441.00",3013.33,481.998291,698.4260254,698.4260254,0,0,0,0,0,2030,,,,0,0,Nominal | 7/20/2020 7:19:03 PM,430,8760
Forcing Wind,Average,2030,AB_CCCT_NG,AB_CCCT_NG,4301669856,4005.703369,6804.358887,"6,235.00",95.09,42.84,43.36,39.82,"803,766.00","157,935.00","326,082.00","157,935.00",477683.31,0,.,0,"223,993,440.00",35089960,35089960,0,63.29,55.13,223993440,1635515.875,1635515.875,0,.,1150553.88,"-521,099.00",304.03,265.3561096,127.1615677,127.1615677,0,0,0,0,0,2030,,,,0,0,Nominal | 7/20/2020 7:19:03 PM,431,8760
Forcing Wind,Average,2030,AB_HY_WAT,AB_HY_WAT,4301669856,250.5209656,894,251,6.92,3.3,3.3,3.4,"33,569.00","7,235.00","33,569.00","7,235.00",0,0,.,0,0,2194563.5,2194563.5,0,0,0,0,100264.1484,100264.1484,0,.,0,"59,461.00",0,0,556.3803101,556.3803101,0,0,0,0,0,2030,,,,0,0,Nominal | 7/20/2020 7:19:03 PM,432,8760
Forcing Wind,Average,2030,AB_OtherTech_NG,AB_OtherTech_NG,4301669856,52.98397446,97.98904419,89,101.98,48.56,50.9,54.25,"4,725.00","4,178.00","4,725.00","4,178.00",0,0,.,0,"3,572,983.75",464139.63,464139.63,0,2.57,0,3572983.75,22745.41211,22745.41211,0,.,19387.56,"-6,355.00",4.77,3.930410862,0,0,0,0,0,0,0,2030,,,,0,0,Nominal | 7/20/2020 7:19:03 PM,433,8760
Forcing Wind,Average,2030,AB_SCCT_NG,AB_SCCT_NG,4301669856,6441.880371,9379.510742,"8,829.00",65.9,27.58,28.41,14.48,"429,719.00","258,860.00","292,229.00","258,860.00",137489.86,0,.,0,"94,146,088.00",56430872,56430872,0,33.68,0.02,94146088,2602029.25,2602029.25,0,.,511066.53,"1,381,017.00",361.88,189.0873566,14.88416386,14.88416386,0,0,0,0,0,2030,,,,0,0,Nominal | 7/20/2020 7:19:03 PM,434,8760
Forcing Wind,Average,2030,AB_SCCT_OT,AB_SCCT_OT,4301669856,85.62976837,94,86,40.06,19.08,19.37,20.01,"6,015.00","3,511.00","6,015.00","3,511.00",0,0,.,0,"8,171,485.00",750116.81,750116.81,0,0,0,8171485,34281.10547,34281.10547,0,.,774.18,"13,732.00",3.67,4.699999809,0,0,0,0,0,0,0,2030,,,,0,0,Nominal | 7/20/2020 7:19:03 PM,435,8760
Forcing Wind,Average,2030,AB_ST_Coal,AB_ST_Coal,4301669856,0,0,.,0,0,0,,.,.,.,.,0,0,.,0,0,0,0,0,0,0,0,0,0,0,.,0,.,0,0,0,0,0,0,0,0,0,2030,,,,0,0,Nominal | 7/20/2020 7:19:03 PM,436,0
Forcing Wind,Average,2030,AB_ST_OT,AB_ST_OT,4301669856,301.9983521,340,302,25,11.9,12.2,12.6,"30,526.00","12,382.00","30,526.00","12,382.00",0,0,.,0,"11,481,031.00",2645505.5,2645505.5,0,0,0,11481031,120902.3125,120902.3125,0,.,1087.74,"58,111.00",21,17,0,0,0,0,0,0,0,2030,,,,0,0,Nominal | 7/20/2020 7:19:03 PM,437,8760
Forcing Wind,Average,2030,AB_ST_SUN,AB_ST_SUN,4301669856,3.647845745,15,4,0,0,0,0,600,.,600,.,0,0,.,0,0,31955.13,31955.13,0,0,0,0,1565.599976,1565.599976,0,.,0,966,9.85,1.5,0,0,0,0,0,0,0,2030,,,,0,0,Nominal | 7/20/2020 7:19:03 PM,438,4618
Forcing Wind,Average,2030,AB_WT_WND,AB_WT_WND,4301669856,1241.577026,3545,"1,237.00",-6.37,-3.03,-3.03,-3.13,"134,904.00","-32,969.00","134,904.00","46,569.00",0,-79538.77,.,0,0,10876214,10876214,0,0,0,0,480739.9688,480739.9688,0,.,0,"378,806.00",2307.93,0,0,0,0,0,0,0,0,2030,,,,0,0,Nominal | 7/20/2020 7:19:03 PM,439,8760
Forcing Wind,Average,2030,AB_Renewables,Alberta Renewables Group,4301669856,1883.373901,4888,"1,879.00",3.67,1.75,1.81,1.32,"205,613.00","-9,842.00","205,613.00","69,696.00",0,-79538.77,.,0,"19,652,516.00",16498355,16498355,0,0,0,19652516,737753.125,737753.125,0,.,1861.92,"511,076.00",2342.45,23.20000076,556.3803101,556.3803101,0,0,0,0,0,2030,,,,0,0,Nominal | 7/20/2020 7:19:03 PM,440,8760
Forcing Wind,Average,2030,Intertie,AB Interties,4301669856,0.560928941,3306,"3,306.00",117.18,55.8,55.8,52.58,.,.,.,.,0,0,.,0,"44,223.64",4913.74,4913.74,0,0.47,0,44223.64,262.8228149,262.8228149,0,.,250.31,13,0,0,96.62162018,0.022059731,0,96.5995636,0,0,0,2030,,,,0,0,Nominal | 7/20/2020 7:19:03 PM,441,41
